datetime,open,high,low,close,volume
2026-02-02T14:30:00+00:00,44.93000000000005,46.730000000000054,43.97000000000005,46.09000000000005,7617
2026-02-02T15:00:00+00:00,46.09000000000005,47.06000000000005,45.97000000000005,46.76000000000005,6357
2026-02-02T15:30:00+00:00,46.76000000000005,47.28000000000005,46.75000000000005,46.93000000000005,5394
2026-02-02T16:00:00+00:00,46.93000000000005,47.53000000000005,46.92000000000005,47.45000000000005,4703
2026-02-02T16:30:00+00:00,47.45000000000005,47.550000000000054,47.14000000000005,47.46000000000005,4146
2026-02-02T17:00:00+00:00,47.46000000000005,47.77000000000005,47.40000000000005,47.66000000000005,2914
2026-02-02T17:30:00+00:00,47.66000000000005,47.730000000000054,47.46000000000005,47.49000000000005,2167
2026-02-02T18:00:00+00:00,47.49000000000005,47.730000000000054,47.45000000000005,47.57000000000005,1900
2026-02-02T18:30:00+00:00,47.57000000000005,48.31000000000005,47.51000000000005,48.28000000000005,1668
2026-02-02T19:00:00+00:00,48.28000000000005,48.28000000000005,47.72000000000005,47.83000000000005,2283
2026-02-02T19:30:00+00:00,47.83000000000005,47.84000000000005,47.38000000000005,47.42000000000005,2226
2026-02-02T20:00:00+00:00,47.42000000000005,47.76000000000005,47.29000000000005,47.40000000000005,3831
2026-02-02T20:30:00+00:00,47.40000000000005,47.47000000000005,47.06000000000005,47.26000000000005,2149
2026-02-03T14:30:00+00:00,47.26000000000005,49.95000000000005,47.26000000000005,47.86000000000005,8928
2026-02-03T15:00:00+00:00,47.86000000000005,48.67000000000005,47.56000000000005,48.59000000000005,9872
2026-02-03T15:30:00+00:00,48.59000000000005,48.74000000000005,48.07000000000005,48.70000000000005,8327
2026-02-03T16:00:00+00:00,48.70000000000005,48.74000000000005,48.13000000000005,48.19000000000005,7045
2026-02-03T16:30:00+00:00,48.19000000000005,48.63000000000005,48.18000000000005,48.51000000000005,5101
2026-02-03T17:00:00+00:00,48.51000000000005,48.56000000000005,48.01000000000005,48.01000000000005,5117
2026-02-03T17:30:00+00:00,48.01000000000005,48.10000000000005,47.300000000000054,47.46000000000005,6488
2026-02-03T18:00:00+00:00,47.46000000000005,47.67000000000005,47.230000000000054,47.41000000000005,6280
2026-02-03T18:30:00+00:00,47.41000000000005,47.59000000000005,46.980000000000054,47.01000000000005,4649
2026-02-03T19:00:00+00:00,47.01000000000005,47.70000000000005,46.88000000000005,47.480000000000054,5796
2026-02-03T19:30:00+00:00,47.480000000000054,47.620000000000054,47.20000000000005,47.53000000000005,6213
2026-02-03T20:00:00+00:00,47.53000000000005,47.60000000000005,47.09000000000005,47.13000000000005,5075
2026-02-03T20:30:00+00:00,47.13000000000005,47.85000000000005,47.13000000000005,47.72000000000005,4279
2026-02-04T14:30:00+00:00,47.72000000000005,48.14000000000005,46.81000000000005,47.74000000000005,8274
2026-02-04T15:00:00+00:00,47.74000000000005,47.76000000000005,46.79000000000005,46.83000000000005,13104
2026-02-04T15:30:00+00:00,46.83000000000005,47.15000000000005,45.66000000000005,45.74000000000005,13024
2026-02-04T16:00:00+00:00,45.74000000000005,46.11000000000005,45.46000000000005,46.07000000000005,8869
2026-02-04T16:30:00+00:00,46.07000000000005,46.25000000000005,45.61000000000005,46.17000000000005,6724
2026-02-04T17:00:00+00:00,46.17000000000005,46.20000000000005,45.68000000000005,45.92000000000005,7543
2026-02-04T17:30:00+00:00,45.92000000000005,46.120000000000054,45.46000000000005,45.95000000000005,7994
2026-02-04T18:00:00+00:00,45.95000000000005,46.39000000000005,45.800000000000054,46.370000000000054,7931
2026-02-04T18:30:00+00:00,46.370000000000054,46.49000000000005,45.980000000000054,46.35000000000005,6979
2026-02-04T19:00:00+00:00,46.35000000000005,46.93000000000005,46.13000000000005,46.92000000000005,6237
2026-02-04T19:30:00+00:00,46.92000000000005,47.93000000000005,46.83000000000005,47.92000000000005,7150
2026-02-04T20:00:00+00:00,47.92000000000005,48.15000000000005,47.58000000000005,47.67000000000005,7046
2026-02-04T20:30:00+00:00,47.67000000000005,48.01000000000005,47.03000000000005,47.08000000000005,5421
2026-02-05T14:30:00+00:00,47.08000000000005,49.32000000000005,45.620000000000054,47.53000000000005,10538
2026-02-05T15:00:00+00:00,47.53000000000005,47.58000000000005,46.11000000000005,46.17000000000005,9927
2026-02-05T15:30:00+00:00,46.17000000000005,46.59000000000005,45.68000000000005,46.20000000000005,8843
2026-02-05T16:00:00+00:00,46.20000000000005,46.32000000000005,45.24000000000005,46.28000000000005,7588
2026-02-05T16:30:00+00:00,46.28000000000005,46.79000000000005,46.26000000000005,46.72000000000005,8037
2026-02-05T17:00:00+00:00,46.72000000000005,46.72000000000005,46.19000000000005,46.57000000000005,6963
2026-02-05T17:30:00+00:00,46.57000000000005,46.67000000000005,46.300000000000054,46.64000000000005,6785
2026-02-05T18:00:00+00:00,46.64000000000005,46.89000000000005,46.52000000000005,46.730000000000054,6367
2026-02-05T18:30:00+00:00,46.730000000000054,47.00000000000005,46.39000000000005,46.68000000000005,5782
2026-02-05T19:00:00+00:00,46.68000000000005,47.47000000000005,46.51000000000005,47.45000000000005,5622
2026-02-05T19:30:00+00:00,47.45000000000005,47.47000000000005,46.85000000000005,47.120000000000054,6377
2026-02-05T20:00:00+00:00,47.120000000000054,47.300000000000054,46.66000000000005,46.70000000000005,5811
2026-02-05T20:30:00+00:00,46.70000000000005,46.97000000000005,46.56000000000005,46.72000000000005,5256
2026-02-06T14:30:00+00:00,46.72000000000005,49.67000000000005,46.72000000000005,48.50000000000005,10090
2026-02-06T15:00:00+00:00,48.50000000000005,48.620000000000054,47.61000000000005,48.52000000000005,13276
2026-02-06T15:30:00+00:00,48.52000000000005,48.74000000000005,48.10000000000005,48.53000000000005,9988
2026-02-06T16:00:00+00:00,48.53000000000005,49.33000000000005,48.44000000000005,49.31000000000005,6003
2026-02-06T16:30:00+00:00,49.31000000000005,49.58000000000005,49.20000000000005,49.24000000000005,5137
2026-02-06T17:00:00+00:00,49.24000000000005,49.57000000000005,49.13000000000005,49.47000000000005,4138
2026-02-06T17:30:00+00:00,49.47000000000005,49.58000000000005,49.230000000000054,49.49000000000005,3510
2026-02-06T18:00:00+00:00,49.49000000000005,49.77000000000005,49.45000000000005,49.65000000000005,2597
2026-02-06T18:30:00+00:00,49.65000000000005,49.77000000000005,49.49000000000005,49.56000000000005,1797
2026-02-06T19:00:00+00:00,49.56000000000005,49.620000000000054,49.120000000000054,49.19000000000005,1793
2026-02-06T19:30:00+00:00,49.19000000000005,49.230000000000054,48.93000000000005,48.97000000000005,1700
2026-02-06T20:00:00+00:00,48.97000000000005,49.18000000000005,48.870000000000054,49.07000000000005,1577
2026-02-06T20:30:00+00:00,49.07000000000005,49.24000000000005,48.99000000000005,49.04000000000005,2014
2026-02-09T14:30:00+00:00,49.04000000000005,49.04000000000005,46.050000000000054,47.94000000000005,10799
2026-02-09T15:00:00+00:00,47.94000000000005,48.65000000000005,47.91000000000005,48.36000000000005,7216
2026-02-09T15:30:00+00:00,48.36000000000005,48.77000000000005,48.36000000000005,48.72000000000005,5160
2026-02-09T16:00:00+00:00,48.72000000000005,49.16000000000005,48.69000000000005,49.08000000000005,3605
2026-02-09T16:30:00+00:00,49.08000000000005,49.14000000000005,48.81000000000005,48.97000000000005,3374
2026-02-09T17:00:00+00:00,48.97000000000005,49.33000000000005,48.97000000000005,49.300000000000054,2243
2026-02-09T17:30:00+00:00,49.300000000000054,49.43000000000005,49.22000000000005,49.34000000000005,1925
2026-02-09T18:00:00+00:00,49.34000000000005,49.43000000000005,49.01000000000005,49.42000000000005,3353
2026-02-09T18:30:00+00:00,49.42000000000005,49.69000000000005,49.32000000000005,49.35000000000005,1808
2026-02-09T19:00:00+00:00,49.35000000000005,49.480000000000054,49.21000000000005,49.29000000000005,1682
2026-02-09T19:30:00+00:00,49.29000000000005,49.41000000000005,49.230000000000054,49.26000000000005,936
2026-02-09T20:00:00+00:00,49.26000000000005,49.44000000000005,48.92000000000005,48.980000000000054,1353
2026-02-09T20:30:00+00:00,48.980000000000054,49.06000000000005,48.64000000000005,48.69000000000005,2527
2026-02-10T14:30:00+00:00,48.69000000000005,48.99000000000005,46.83000000000005,47.51000000000005,8112
2026-02-10T15:00:00+00:00,47.51000000000005,47.56000000000005,47.00000000000005,47.06000000000005,5357
2026-02-10T15:30:00+00:00,47.06000000000005,47.20000000000005,46.44000000000005,46.68000000000005,4311
2026-02-10T16:00:00+00:00,46.68000000000005,47.050000000000054,46.550000000000054,46.69000000000005,4176
2026-02-10T16:30:00+00:00,46.69000000000005,46.870000000000054,46.02000000000005,46.19000000000005,4560
2026-02-10T17:00:00+00:00,46.19000000000005,46.34000000000005,46.050000000000054,46.18000000000005,2845
2026-02-10T17:30:00+00:00,46.18000000000005,46.32000000000005,45.99000000000005,46.27000000000005,1688
2026-02-10T18:00:00+00:00,46.27000000000005,46.300000000000054,45.82000000000005,45.85000000000005,1808
2026-02-10T18:30:00+00:00,45.85000000000005,46.02000000000005,45.730000000000054,45.89000000000005,2079
2026-02-10T19:00:00+00:00,45.89000000000005,45.96000000000005,45.67000000000005,45.730000000000054,1524
2026-02-10T19:30:00+00:00,45.730000000000054,45.78000000000005,45.36000000000005,45.47000000000005,1283
2026-02-10T20:00:00+00:00,45.47000000000005,45.480000000000054,45.27000000000005,45.38000000000005,1449
2026-02-10T20:30:00+00:00,45.38000000000005,45.69000000000005,45.22000000000005,45.61000000000005,2642
2026-02-11T14:30:00+00:00,45.61000000000005,48.02000000000005,45.61000000000005,47.52000000000005,9118
2026-02-11T15:00:00+00:00,47.52000000000005,47.63000000000005,45.31000000000005,45.45000000000005,13013
2026-02-11T15:30:00+00:00,45.45000000000005,46.57000000000005,45.35000000000005,46.550000000000054,10257
2026-02-11T16:00:00+00:00,46.550000000000054,46.74000000000005,46.27000000000005,46.41000000000005,7409
2026-02-11T16:30:00+00:00,46.41000000000005,46.79000000000005,46.28000000000005,46.54000000000005,6003
2026-02-11T17:00:00+00:00,46.54000000000005,46.67000000000005,46.28000000000005,46.45000000000005,5129
2026-02-11T17:30:00+00:00,46.45000000000005,46.58000000000005,46.18000000000005,46.21000000000005,3265
2026-02-11T18:00:00+00:00,46.21000000000005,46.25000000000005,45.800000000000054,46.14000000000005,4160
2026-02-11T18:30:00+00:00,46.14000000000005,46.300000000000054,46.01000000000005,46.21000000000005,3987
2026-02-11T19:00:00+00:00,46.21000000000005,46.370000000000054,46.00000000000005,46.33000000000005,2953
2026-02-11T19:30:00+00:00,46.33000000000005,46.34000000000005,45.96000000000005,46.02000000000005,3367
2026-02-11T20:00:00+00:00,46.02000000000005,46.71000000000005,45.93000000000005,46.59000000000005,2415
2026-02-11T20:30:00+00:00,46.59000000000005,46.96000000000005,46.480000000000054,46.69000000000005,2961
2026-02-12T14:30:00+00:00,46.69000000000005,47.42000000000005,45.88000000000005,46.230000000000054,8185
2026-02-12T15:00:00+00:00,46.230000000000054,46.870000000000054,46.120000000000054,46.54000000000005,6444
2026-02-12T15:30:00+00:00,46.54000000000005,46.67000000000005,45.97000000000005,46.00000000000005,5565
2026-02-12T16:00:00+00:00,46.00000000000005,46.10000000000005,45.00000000000005,45.04000000000005,6875
2026-02-12T16:30:00+00:00,45.04000000000005,45.67000000000005,44.93000000000005,45.53000000000005,9945
2026-02-12T17:00:00+00:00,45.53000000000005,45.76000000000005,45.34000000000005,45.47000000000005,7039
2026-02-12T17:30:00+00:00,45.47000000000005,45.67000000000005,45.050000000000054,45.09000000000005,6253
2026-02-12T18:00:00+00:00,45.09000000000005,45.35000000000005,44.79000000000005,44.96000000000005,5005
2026-02-12T18:30:00+00:00,44.96000000000005,45.34000000000005,44.91000000000005,45.10000000000005,5215
2026-02-12T19:00:00+00:00,45.10000000000005,45.41000000000005,45.06000000000005,45.120000000000054,4377
2026-02-12T19:30:00+00:00,45.120000000000054,45.38000000000005,45.02000000000005,45.07000000000005,3570
2026-02-12T20:00:00+00:00,45.07000000000005,45.17000000000005,44.65000000000005,44.71000000000005,3348
2026-02-12T20:30:00+00:00,44.71000000000005,45.08000000000005,44.68000000000005,44.96000000000005,4002
2026-02-13T14:30:00+00:00,44.96000000000005,45.47000000000005,43.42000000000005,45.050000000000054,11222
2026-02-13T15:00:00+00:00,45.050000000000054,45.84000000000005,44.86000000000005,45.74000000000005,11622
2026-02-13T15:30:00+00:00,45.74000000000005,46.16000000000005,45.480000000000054,45.60000000000005,8426
2026-02-13T16:00:00+00:00,45.60000000000005,45.78000000000005,45.34000000000005,45.72000000000005,6858
2026-02-13T16:30:00+00:00,45.72000000000005,45.89000000000005,45.52000000000005,45.76000000000005,6355
2026-02-13T17:00:00+00:00,45.76000000000005,45.94000000000005,45.69000000000005,45.85000000000005,4832
2026-02-13T17:30:00+00:00,45.85000000000005,46.04000000000005,45.730000000000054,45.75000000000005,3286
2026-02-13T18:00:00+00:00,45.75000000000005,45.89000000000005,45.550000000000054,45.59000000000005,5326
2026-02-13T18:30:00+00:00,45.59000000000005,45.71000000000005,45.480000000000054,45.54000000000005,4457
2026-02-13T19:00:00+00:00,45.54000000000005,45.67000000000005,45.42000000000005,45.49000000000005,4135
2026-02-13T19:30:00+00:00,45.49000000000005,45.59000000000005,45.22000000000005,45.300000000000054,3831
2026-02-13T20:00:00+00:00,45.300000000000054,45.47000000000005,45.16000000000005,45.20000000000005,3688
2026-02-13T20:30:00+00:00,45.20000000000005,45.40000000000005,45.10000000000005,45.25000000000005,5031
2026-02-17T14:30:00+00:00,45.25000000000005,45.25000000000005,44.16000000000005,44.27000000000005,9553
2026-02-17T15:00:00+00:00,44.27000000000005,45.02000000000005,43.980000000000054,44.42000000000005,11009
2026-02-17T15:30:00+00:00,44.42000000000005,44.66000000000005,43.91000000000005,44.58000000000005,9718
2026-02-17T16:00:00+00:00,44.58000000000005,45.07000000000005,44.57000000000005,44.63000000000005,6199
2026-02-17T16:30:00+00:00,44.63000000000005,44.94000000000005,44.57000000000005,44.84000000000005,5644
2026-02-17T17:00:00+00:00,44.84000000000005,44.92000000000005,44.66000000000005,44.90000000000005,4858
2026-02-17T17:30:00+00:00,44.90000000000005,44.94000000000005,44.56000000000005,44.75000000000005,5812
2026-02-17T18:00:00+00:00,44.75000000000005,45.04000000000005,44.57000000000005,44.96000000000005,5316
2026-02-17T18:30:00+00:00,44.96000000000005,45.27000000000005,44.870000000000054,45.19000000000005,3849
2026-02-17T19:00:00+00:00,45.19000000000005,45.29000000000005,45.08000000000005,45.11000000000005,3283
2026-02-17T19:30:00+00:00,45.11000000000005,45.300000000000054,44.96000000000005,45.00000000000005,1922
2026-02-17T20:00:00+00:00,45.00000000000005,45.11000000000005,44.78000000000005,44.83000000000005,1309
2026-02-17T20:30:00+00:00,44.83000000000005,44.90000000000005,44.53000000000005,44.67000000000005,2081
2026-02-18T14:30:00+00:00,44.67000000000005,44.68000000000005,43.35000000000005,44.56000000000005,7762
2026-02-18T15:00:00+00:00,44.56000000000005,45.21000000000005,44.42000000000005,45.01000000000005,4413
2026-02-18T15:30:00+00:00,45.01000000000005,45.10000000000005,44.78000000000005,45.03000000000005,4299
2026-02-18T16:00:00+00:00,45.03000000000005,45.08000000000005,44.83000000000005,44.97000000000005,2101
2026-02-18T16:30:00+00:00,44.97000000000005,45.22000000000005,44.71000000000005,44.71000000000005,2399
2026-02-18T17:00:00+00:00,44.71000000000005,44.800000000000054,44.60000000000005,44.68000000000005,1476
2026-02-18T17:30:00+00:00,44.68000000000005,44.70000000000005,44.41000000000005,44.58000000000005,1083
2026-02-18T18:00:00+00:00,44.58000000000005,44.74000000000005,44.31000000000005,44.370000000000054,1725
2026-02-18T18:30:00+00:00,44.370000000000054,44.440000000000055,44.17000000000005,44.370000000000054,1807
2026-02-18T19:00:00+00:00,44.370000000000054,44.41000000000005,44.20000000000005,44.24000000000005,2255
2026-02-18T19:30:00+00:00,44.24000000000005,44.260000000000055,43.75000000000006,43.78000000000005,2832
2026-02-18T20:00:00+00:00,43.78000000000005,43.900000000000055,43.610000000000056,43.720000000000056,1997
2026-02-18T20:30:00+00:00,43.720000000000056,44.06000000000005,43.650000000000055,43.95000000000005,2272
2026-02-19T14:30:00+00:00,43.95000000000005,43.95000000000005,42.39000000000006,42.96000000000005,8083
2026-02-19T15:00:00+00:00,42.96000000000005,43.400000000000055,42.830000000000055,43.190000000000055,7675
2026-02-19T15:30:00+00:00,43.190000000000055,43.68000000000006,43.07000000000006,43.260000000000055,5623
2026-02-19T16:00:00+00:00,43.260000000000055,43.41000000000006,43.02000000000006,43.16000000000006,4316
2026-02-19T16:30:00+00:00,43.16000000000006,43.27000000000006,42.75000000000006,42.75000000000006,3768
2026-02-19T17:00:00+00:00,42.75000000000006,43.18000000000006,42.68000000000006,43.150000000000055,3537
2026-02-19T17:30:00+00:00,43.150000000000055,43.220000000000056,42.95000000000006,43.10000000000006,3448
2026-02-19T18:00:00+00:00,43.10000000000006,43.330000000000055,43.02000000000006,43.10000000000006,3406
2026-02-19T18:30:00+00:00,43.10000000000006,43.17000000000006,42.940000000000055,43.110000000000056,2334
2026-02-19T19:00:00+00:00,43.110000000000056,43.150000000000055,42.92000000000006,43.040000000000056,2036
2026-02-19T19:30:00+00:00,43.040000000000056,43.18000000000006,42.95000000000006,43.120000000000054,2296
2026-02-19T20:00:00+00:00,43.120000000000054,43.220000000000056,42.70000000000006,42.790000000000056,1528
2026-02-19T20:30:00+00:00,42.790000000000056,43.150000000000055,42.760000000000055,43.13000000000006,1146
2026-02-20T14:30:00+00:00,43.13000000000006,43.13000000000006,41.59000000000006,41.790000000000056,6899
2026-02-20T15:00:00+00:00,41.790000000000056,42.43000000000006,41.38000000000006,41.66000000000006,8662
2026-02-20T15:30:00+00:00,41.66000000000006,42.260000000000055,41.540000000000056,42.18000000000006,5705
2026-02-20T16:00:00+00:00,42.18000000000006,42.38000000000006,41.77000000000006,41.81000000000006,5103
2026-02-20T16:30:00+00:00,41.81000000000006,42.34000000000006,41.78000000000006,42.07000000000006,3139
2026-02-20T17:00:00+00:00,42.07000000000006,42.110000000000056,41.74000000000006,41.870000000000054,4113
2026-02-20T17:30:00+00:00,41.870000000000054,42.18000000000006,41.78000000000006,42.150000000000055,3862
2026-02-20T18:00:00+00:00,42.150000000000055,42.38000000000006,42.080000000000055,42.370000000000054,3384
2026-02-20T18:30:00+00:00,42.370000000000054,42.89000000000006,42.24000000000006,42.800000000000054,4553
2026-02-20T19:00:00+00:00,42.800000000000054,42.870000000000054,42.64000000000006,42.75000000000006,2103
2026-02-20T19:30:00+00:00,42.75000000000006,42.870000000000054,42.620000000000054,42.730000000000054,1633
2026-02-20T20:00:00+00:00,42.730000000000054,42.77000000000006,42.56000000000006,42.56000000000006,1862
2026-02-20T20:30:00+00:00,42.56000000000006,42.70000000000006,42.46000000000006,42.63000000000006,1562
2026-02-23T14:30:00+00:00,42.63000000000006,42.940000000000055,42.360000000000056,42.64000000000006,7292
2026-02-23T15:00:00+00:00,42.64000000000006,43.050000000000054,42.550000000000054,42.75000000000006,6812
2026-02-23T15:30:00+00:00,42.75000000000006,42.89000000000006,42.53000000000006,42.550000000000054,4879
2026-02-23T16:00:00+00:00,42.550000000000054,42.610000000000056,42.20000000000006,42.370000000000054,4415
2026-02-23T16:30:00+00:00,42.370000000000054,42.440000000000055,42.16000000000006,42.220000000000056,3612
2026-02-23T17:00:00+00:00,42.220000000000056,42.300000000000054,42.080000000000055,42.09000000000006,2315
2026-02-23T17:30:00+00:00,42.09000000000006,42.10000000000006,41.760000000000055,42.00000000000006,2024
2026-02-23T18:00:00+00:00,42.00000000000006,42.120000000000054,41.95000000000006,42.07000000000006,1280
2026-02-23T18:30:00+00:00,42.07000000000006,42.14000000000006,41.74000000000006,41.790000000000056,1182
2026-02-23T19:00:00+00:00,41.790000000000056,41.95000000000006,41.75000000000006,41.84000000000006,1026
2026-02-23T19:30:00+00:00,41.84000000000006,41.92000000000006,41.720000000000056,41.88000000000006,1010
2026-02-23T20:00:00+00:00,41.88000000000006,41.940000000000055,41.68000000000006,41.92000000000006,671
2026-02-23T20:30:00+00:00,41.92000000000006,42.17000000000006,41.830000000000055,42.16000000000006,2157
2026-02-24T14:30:00+00:00,42.16000000000006,43.510000000000055,42.040000000000056,42.84000000000006,7576
2026-02-24T15:00:00+00:00,42.84000000000006,43.66000000000006,42.59000000000006,43.63000000000006,5913
2026-02-24T15:30:00+00:00,43.63000000000006,44.39000000000006,43.42000000000006,44.190000000000055,4858
2026-02-24T16:00:00+00:00,44.190000000000055,44.56000000000006,43.830000000000055,43.85000000000006,5434
2026-02-24T16:30:00+00:00,43.85000000000006,44.32000000000006,43.53000000000006,44.220000000000056,4351.2131782945735
2026-02-24T17:00:00+00:00,44.220000000000056,44.45000000000006,44.110000000000056,44.38000000000006,2577
2026-02-24T17:30:00+00:00,44.38000000000006,44.60000000000006,44.18000000000006,44.28000000000006,1786
2026-02-24T18:00:00+00:00,44.28000000000006,44.540000000000056,44.27000000000006,44.42000000000006,1582
2026-02-24T18:30:00+00:00,44.42000000000006,44.77000000000006,44.41000000000006,44.68000000000006,2691
2026-02-24T19:00:00+00:00,44.68000000000006,44.800000000000054,44.480000000000054,44.78000000000006,2682
2026-02-24T19:30:00+00:00,44.78000000000006,45.03000000000006,44.620000000000054,44.67000000000006,1999
2026-02-24T20:00:00+00:00,44.67000000000006,45.02000000000006,44.52000000000006,44.96000000000006,2494
2026-02-24T20:30:00+00:00,44.96000000000006,45.110000000000056,44.59000000000006,44.63000000000006,1888
2026-02-25T14:30:00+00:00,44.63000000000006,45.120000000000054,44.110000000000056,44.31000000000006,6314
2026-02-25T15:00:00+00:00,44.31000000000006,44.470000000000056,44.010000000000055,44.18000000000006,3633
2026-02-25T15:30:00+00:00,44.18000000000006,44.360000000000056,44.000000000000064,44.17000000000006,3385
2026-02-25T16:00:00+00:00,44.17000000000006,44.500000000000064,44.13000000000006,44.48000000000006,2292
2026-02-25T16:30:00+00:00,44.48000000000006,44.56000000000006,44.280000000000065,44.34000000000006,1766
2026-02-25T17:00:00+00:00,44.34000000000006,45.04000000000006,44.34000000000006,45.02000000000006,1996
2026-02-25T17:30:00+00:00,45.02000000000006,45.15000000000006,44.86000000000006,45.13000000000006,2151
2026-02-25T18:00:00+00:00,45.13000000000006,45.34000000000006,45.01000000000006,45.22000000000006,1856
2026-02-25T18:30:00+00:00,45.22000000000006,45.41000000000006,45.19000000000006,45.31000000000006,1078
2026-02-25T19:00:00+00:00,45.31000000000006,45.34000000000006,45.17000000000006,45.23000000000006,1180
2026-02-25T19:30:00+00:00,45.23000000000006,45.41000000000006,45.20000000000006,45.320000000000064,854
2026-02-25T20:00:00+00:00,45.320000000000064,45.36000000000006,45.09000000000006,45.09000000000006,948
2026-02-25T20:30:00+00:00,45.09000000000006,45.42000000000006,45.09000000000006,45.34000000000006,1797
2026-02-26T14:30:00+00:00,45.34000000000006,45.40000000000006,43.540000000000056,43.620000000000054,7763
2026-02-26T15:00:00+00:00,43.620000000000054,43.96000000000006,42.82000000000006,43.07000000000006,9195
2026-02-26T15:30:00+00:00,43.07000000000006,43.870000000000054,43.03000000000006,43.75000000000006,7391
2026-02-26T16:00:00+00:00,43.75000000000006,43.96000000000006,43.53000000000006,43.84000000000006,5618
2026-02-26T16:30:00+00:00,43.84000000000006,43.870000000000054,43.42000000000006,43.52000000000006,3997
2026-02-26T17:00:00+00:00,43.52000000000006,43.650000000000055,43.35000000000006,43.52000000000006,2577
2026-02-26T17:30:00+00:00,43.52000000000006,43.760000000000055,43.49000000000006,43.59000000000006,2069
2026-02-26T18:00:00+00:00,43.59000000000006,43.77000000000006,43.470000000000056,43.77000000000006,2797
2026-02-26T18:30:00+00:00,43.77000000000006,44.03000000000006,43.71000000000006,43.96000000000005,2543.859004694905
2026-02-26T19:00:00+00:00,43.96000000000005,44.17000000000006,43.820000000000064,43.86000000000006,2274.2914395439984
2026-02-26T19:30:00+00:00,43.86000000000006,43.86000000000006,43.49000000000007,43.49000000000007,1561.6973066792914
2026-02-26T20:00:00+00:00,43.49000000000007,43.58000000000008,43.28000000000008,43.340000000000074,2337.4132945415017
2026-02-26T20:30:00+00:00,43.340000000000074,43.770000000000074,43.31000000000008,43.71000000000008,1608
2026-02-27T14:30:00+00:00,43.71000000000008,43.940000000000076,42.61000000000008,43.82000000000008,6669
2026-02-27T15:00:00+00:00,43.82000000000008,44.79000000000008,43.550000000000075,43.660000000000075,6755
2026-02-27T15:30:00+00:00,43.660000000000075,44.050000000000075,43.57000000000008,43.85000000000007,5216.0450250138965
2026-02-27T16:00:00+00:00,43.85000000000007,43.86000000000007,43.630000000000074,43.74000000000007,3495
2026-02-27T16:30:00+00:00,43.74000000000007,43.85000000000007,43.50000000000007,43.60000000000007,4224
2026-02-27T17:00:00+00:00,43.60000000000007,43.95000000000007,43.51000000000007,43.61000000000007,3702
2026-02-27T17:30:00+00:00,43.61000000000007,43.70000000000007,43.43000000000007,43.56000000000007,3385
2026-02-27T18:00:00+00:00,43.56000000000007,43.59000000000007,43.14000000000007,43.34000000000007,3759
2026-02-27T18:30:00+00:00,43.34000000000007,43.36000000000007,43.16000000000007,43.22000000000007,2019
2026-02-27T19:00:00+00:00,43.22000000000007,43.39000000000007,43.130000000000074,43.35000000000007,2165
2026-02-27T19:30:00+00:00,43.35000000000007,43.67000000000007,43.31000000000007,43.61000000000007,2821
2026-02-27T20:00:00+00:00,43.61000000000007,43.89000000000007,43.59000000000007,43.79000000000007,1745
2026-02-27T20:30:00+00:00,43.79000000000007,43.87000000000007,43.58000000000007,43.81000000000007,1972
2026-03-02T14:30:00+00:00,43.81000000000007,45.43000000000007,43.60000000000007,44.57000000000007,9083
2026-03-02T15:00:00+00:00,44.57000000000007,44.67000000000007,43.99000000000007,44.42000000000007,6308
2026-03-02T15:30:00+00:00,44.42000000000007,44.550000000000075,43.950000000000074,44.37000000000007,5569
2026-03-02T16:00:00+00:00,44.37000000000007,44.92000000000007,44.32000000000007,44.450000000000074,4867
2026-03-02T16:30:00+00:00,44.450000000000074,44.83000000000007,44.39000000000007,44.630000000000074,5224
2026-03-02T17:00:00+00:00,44.630000000000074,44.86000000000007,44.43000000000007,44.71000000000007,3627
2026-03-02T17:30:00+00:00,44.71000000000007,44.980000000000075,44.69000000000007,44.910000000000075,3556
2026-03-02T18:00:00+00:00,44.910000000000075,44.93000000000007,44.65000000000007,44.730000000000075,2542
2026-03-02T18:30:00+00:00,44.730000000000075,44.800000000000075,44.51000000000007,44.56000000000007,2806
2026-03-02T19:00:00+00:00,44.56000000000007,44.89000000000007,44.50000000000007,44.880000000000074,2155
2026-03-02T19:30:00+00:00,44.880000000000074,45.11000000000007,44.85000000000007,44.93000000000007,1493
2026-03-02T20:00:00+00:00,44.93000000000007,44.980000000000075,44.56000000000007,44.81000000000007,5534
2026-03-02T20:30:00+00:00,44.81000000000007,45.32000000000007,44.800000000000075,45.130000000000074,3777
2026-03-03T14:30:00+00:00,45.130000000000074,45.130000000000074,41.800000000000075,42.410000000000075,10625
2026-03-03T15:00:00+00:00,42.410000000000075,42.910000000000075,41.81000000000007,41.93000000000007,10740
2026-03-03T15:30:00+00:00,41.93000000000007,42.69000000000007,41.92000000000007,42.64000000000007,9873
2026-03-03T16:00:00+00:00,42.64000000000007,43.14000000000007,42.520000000000074,42.89000000000007,7229
2026-03-03T16:30:00+00:00,42.89000000000007,43.270000000000074,42.78000000000007,43.020000000000074,6895
2026-03-03T17:00:00+00:00,43.020000000000074,43.14000000000007,42.64000000000007,42.950000000000074,5429
2026-03-03T17:30:00+00:00,42.950000000000074,43.03000000000007,42.75000000000007,42.840000000000074,4404
2026-03-03T18:00:00+00:00,42.840000000000074,43.10000000000007,42.82000000000007,42.96000000000007,3510
2026-03-03T18:30:00+00:00,42.96000000000007,43.160000000000075,42.880000000000074,42.96000000000007,4255
2026-03-03T19:00:00+00:00,42.96000000000007,43.10000000000007,42.87000000000007,42.93000000000007,3744
2026-03-03T19:30:00+00:00,42.93000000000007,43.33000000000007,42.89000000000007,43.14000000000007,5059
2026-03-03T20:00:00+00:00,43.14000000000007,43.270000000000074,42.87000000000007,43.01000000000007,4056
2026-03-03T20:30:00+00:00,43.01000000000007,43.15000000000007,42.65000000000007,42.770000000000074,2292
2026-03-04T14:30:00+00:00,42.770000000000074,43.980000000000075,42.770000000000074,43.03000000000007,8187
2026-03-04T15:00:00+00:00,43.03000000000007,44.12000000000007,43.03000000000007,44.03000000000007,5937
2026-03-04T15:30:00+00:00,44.03000000000007,44.68000000000007,44.00000000000007,44.65000000000007,4417
2026-03-04T16:00:00+00:00,44.65000000000007,44.86000000000007,44.25000000000007,44.39000000000007,5061
2026-03-04T16:30:00+00:00,44.39000000000007,45.39000000000007,44.300000000000075,45.160000000000075,6692
2026-03-04T17:00:00+00:00,45.160000000000075,45.71000000000007,44.880000000000074,45.49000000000007,5575
2026-03-04T17:30:00+00:00,45.49000000000007,45.770000000000074,45.340000000000074,45.380000000000074,3755
2026-03-04T18:00:00+00:00,45.380000000000074,45.57000000000007,45.04000000000007,45.40000000000007,3683
2026-03-04T18:30:00+00:00,45.40000000000007,45.54000000000007,45.22000000000007,45.42000000000007,2407
2026-03-04T19:00:00+00:00,45.42000000000007,45.550000000000075,45.36000000000007,45.49000000000007,1588
2026-03-04T19:30:00+00:00,45.49000000000007,45.64000000000007,45.43000000000007,45.57000000000007,1351
2026-03-04T20:00:00+00:00,45.57000000000007,45.68000000000007,45.380000000000074,45.39000000000007,1804
2026-03-04T20:30:00+00:00,45.39000000000007,45.44000000000007,45.12000000000007,45.21000000000007,2438
2026-03-05T14:30:00+00:00,45.21000000000007,45.71000000000007,44.340000000000074,45.700000000000074,7114
2026-03-05T15:00:00+00:00,45.700000000000074,46.130000000000074,45.54000000000007,45.660000000000075,6433
2026-03-05T15:30:00+00:00,45.660000000000075,45.730000000000075,45.21000000000007,45.550000000000075,5337
2026-03-05T16:00:00+00:00,45.550000000000075,45.660000000000075,45.25000000000007,45.32000000000007,5112
2026-03-05T16:30:00+00:00,45.32000000000007,45.770000000000074,45.32000000000007,45.65000000000007,5316
2026-03-05T17:00:00+00:00,45.65000000000007,45.910000000000075,45.32000000000007,45.39000000000007,4587
2026-03-05T17:30:00+00:00,45.39000000000007,45.450000000000074,44.380000000000074,44.53000000000007,6303
2026-03-05T18:00:00+00:00,44.53000000000007,44.950000000000074,44.50000000000007,44.770000000000074,6300
2026-03-05T18:30:00+00:00,44.770000000000074,45.090000000000074,44.62000000000007,44.89000000000007,5259
2026-03-05T19:00:00+00:00,44.89000000000007,45.19000000000007,44.840000000000074,44.94000000000007,4707
2026-03-05T19:30:00+00:00,44.94000000000007,45.020000000000074,44.75000000000007,44.92000000000007,4469
2026-03-05T20:00:00+00:00,44.92000000000007,45.270000000000074,44.82000000000007,45.06000000000007,5788
2026-03-05T20:30:00+00:00,45.06000000000007,45.630000000000074,45.04000000000007,45.60000000000007,4519
2026-03-06T14:30:00+00:00,45.60000000000007,45.60000000000007,43.72000000000007,44.300000000000075,8852
2026-03-06T15:00:00+00:00,44.300000000000075,44.67000000000007,44.12000000000007,44.24000000000007,9033
2026-03-06T15:30:00+00:00,44.24000000000007,44.67000000000007,44.14000000000007,44.32000000000007,6835
2026-03-06T16:00:00+00:00,44.32000000000007,44.590000000000074,44.28000000000007,44.50000000000007,6244
2026-03-06T16:30:00+00:00,44.50000000000007,44.83000000000007,44.29000000000007,44.62000000000007,6451
2026-03-06T17:00:00+00:00,44.62000000000007,44.79000000000007,44.31000000000007,44.36000000000007,5390
2026-03-06T17:30:00+00:00,44.36000000000007,44.56000000000007,44.24000000000007,44.25000000000007,4249
2026-03-06T18:00:00+00:00,44.25000000000007,44.62000000000007,44.200000000000074,44.450000000000074,4781
2026-03-06T18:30:00+00:00,44.450000000000074,44.550000000000075,44.21000000000007,44.22000000000007,4281
2026-03-06T19:00:00+00:00,44.22000000000007,44.36000000000007,44.01000000000007,44.21000000000007,3661
2026-03-06T19:30:00+00:00,44.21000000000007,44.24000000000007,43.93000000000007,43.94000000000007,2961
2026-03-06T20:00:00+00:00,43.94000000000007,44.130000000000074,43.050000000000075,43.07000000000007,4564
2026-03-06T20:30:00+00:00,43.07000000000007,43.43000000000007,42.92000000000007,43.07000000000007,5789
2026-03-09T13:30:00+00:00,43.07000000000007,43.090000000000074,41.300000000000075,42.99000000000007,9307
2026-03-09T14:00:00+00:00,42.99000000000007,43.24000000000007,42.49000000000007,42.910000000000075,8650
2026-03-09T14:30:00+00:00,42.910000000000075,43.24000000000007,42.840000000000074,43.03000000000007,6411
2026-03-09T15:00:00+00:00,43.03000000000007,43.64000000000007,42.980000000000075,43.54000000000007,5282
2026-03-09T15:30:00+00:00,43.54000000000007,43.87000000000007,43.37000000000007,43.78000000000007,4392
2026-03-09T16:00:00+00:00,43.78000000000007,44.01000000000007,43.57000000000007,43.93000000000007,3872
2026-03-09T16:30:00+00:00,43.93000000000007,44.18000000000007,43.87000000000007,44.11000000000007,3572
2026-03-09T17:00:00+00:00,44.11000000000007,44.15000000000007,43.730000000000075,43.880000000000074,3273
2026-03-09T17:30:00+00:00,43.880000000000074,44.03000000000007,43.75000000000007,43.880000000000074,3455
2026-03-09T18:00:00+00:00,43.880000000000074,44.25000000000007,43.840000000000074,44.090000000000074,2572
2026-03-09T18:30:00+00:00,44.090000000000074,44.47000000000007,44.04000000000007,44.26000000000007,1592
2026-03-09T19:00:00+00:00,44.26000000000007,45.24000000000007,44.19000000000007,45.200000000000074,4881
2026-03-09T19:30:00+00:00,45.200000000000074,45.40000000000007,44.97000000000007,45.21000000000007,6947
2026-03-10T13:30:00+00:00,45.21000000000007,46.85000000000007,45.06000000000007,46.00000000000007,7584
2026-03-10T14:00:00+00:00,46.00000000000007,46.28000000000007,45.65000000000007,46.050000000000075,8366
2026-03-10T14:30:00+00:00,46.050000000000075,47.10000000000007,46.04000000000007,46.950000000000074,5478
2026-03-10T15:00:00+00:00,46.950000000000074,47.31000000000007,46.660000000000075,47.050000000000075,4273
2026-03-10T15:30:00+00:00,47.050000000000075,47.520000000000074,47.020000000000074,47.340000000000074,4807
2026-03-10T16:00:00+00:00,47.340000000000074,47.37000000000007,46.93000000000007,46.96000000000007,4820
2026-03-10T16:30:00+00:00,46.96000000000007,47.07000000000007,46.81000000000007,47.04000000000007,3752
2026-03-10T17:00:00+00:00,47.04000000000007,47.270000000000074,46.980000000000075,47.18000000000007,3001
2026-03-10T17:30:00+00:00,47.18000000000007,47.230000000000075,46.910000000000075,47.050000000000075,4966
2026-03-10T18:00:00+00:00,47.050000000000075,47.18000000000007,46.40000000000007,46.57000000000007,7296
2026-03-10T18:30:00+00:00,46.57000000000007,46.81000000000007,46.47000000000007,46.49000000000007,7508
2026-03-10T19:00:00+00:00,46.49000000000007,46.67000000000007,46.300000000000075,46.37000000000007,5358
2026-03-10T19:30:00+00:00,46.37000000000007,46.57000000000007,46.22000000000007,46.43000000000007,5376
2026-03-11T13:30:00+00:00,46.43000000000007,47.73000000000007,46.21000000000007,47.72000000000007,6449
2026-03-11T14:00:00+00:00,47.72000000000007,48.380000000000074,47.72000000000007,47.91000000000007,7129
2026-03-11T14:30:00+00:00,47.91000000000007,48.11000000000007,47.55000000000007,47.92000000000007,5472
2026-03-11T15:00:00+00:00,47.92000000000007,48.200000000000074,47.73000000000007,47.82000000000007,5113
2026-03-11T15:30:00+00:00,47.82000000000007,47.91000000000007,47.55000000000007,47.72000000000007,4770
2026-03-11T16:00:00+00:00,47.72000000000007,47.81000000000007,47.37000000000007,47.55000000000007,4674
2026-03-11T16:30:00+00:00,47.55000000000007,47.81000000000007,47.450000000000074,47.59000000000007,3545
2026-03-11T17:00:00+00:00,47.59000000000007,47.72000000000007,47.50000000000007,47.62000000000007,2471
2026-03-11T17:30:00+00:00,47.62000000000007,47.65000000000007,47.16000000000007,47.48000000000007,4529
2026-03-11T18:00:00+00:00,47.48000000000007,47.51000000000007,47.26000000000007,47.46000000000007,2590
2026-03-11T18:30:00+00:00,47.46000000000007,47.630000000000074,47.25000000000007,47.28000000000007,2511
2026-03-11T19:00:00+00:00,47.28000000000007,47.33000000000007,46.97000000000007,47.23000000000007,2300
2026-03-11T19:30:00+00:00,47.23000000000007,47.61000000000007,47.19000000000007,47.50000000000007,2269
2026-03-12T13:30:00+00:00,47.50000000000007,47.50000000000007,45.630000000000074,45.66000000000007,6940
2026-03-12T14:00:00+00:00,45.66000000000007,46.30000000000007,45.54000000000007,45.54000000000007,7726
2026-03-12T14:30:00+00:00,45.54000000000007,45.85000000000007,45.36000000000007,45.51000000000007,8219
2026-03-12T15:00:00+00:00,45.51000000000007,45.54000000000007,45.11000000000007,45.37000000000007,6073
2026-03-12T15:30:00+00:00,45.37000000000007,45.64000000000007,45.12000000000007,45.53000000000007,7490
2026-03-12T16:00:00+00:00,45.53000000000007,45.74000000000007,45.08000000000007,45.130000000000074,6541
2026-03-12T16:30:00+00:00,45.130000000000074,45.41000000000007,45.09000000000007,45.200000000000074,6277
2026-03-12T17:00:00+00:00,45.200000000000074,45.34000000000007,45.05000000000007,45.14000000000007,3810
2026-03-12T17:30:00+00:00,45.14000000000007,45.31000000000007,44.81000000000007,44.92000000000007,3898
2026-03-12T18:00:00+00:00,44.92000000000007,45.17000000000007,44.90000000000007,45.06000000000007,3287
2026-03-12T18:30:00+00:00,45.06000000000007,45.12000000000007,44.89000000000007,44.950000000000074,2582
2026-03-12T19:00:00+00:00,44.950000000000074,45.06000000000007,44.73000000000007,44.97000000000007,2917
2026-03-12T19:30:00+00:00,44.97000000000007,45.10000000000007,44.71000000000007,44.79000000000007,2744
2026-03-13T13:30:00+00:00,44.79000000000007,46.18000000000007,44.79000000000007,45.630000000000074,7399
2026-03-13T14:00:00+00:00,45.630000000000074,45.90000000000007,45.44000000000007,45.66000000000007,7369
2026-03-13T14:30:00+00:00,45.66000000000007,45.85000000000007,45.09000000000007,45.17000000000007,6914
2026-03-13T15:00:00+00:00,45.17000000000007,45.72000000000007,45.09000000000007,45.450000000000074,6248
2026-03-13T15:30:00+00:00,45.450000000000074,45.68000000000007,45.09000000000007,45.32000000000007,6451
2026-03-13T16:00:00+00:00,45.32000000000007,45.55000000000007,45.11000000000007,45.17000000000007,4883
2026-03-13T16:30:00+00:00,45.17000000000007,45.35000000000007,45.05000000000007,45.09000000000007,5169
2026-03-13T17:00:00+00:00,45.09000000000007,45.24000000000007,44.94000000000007,45.14000000000007,3952
2026-03-13T17:30:00+00:00,45.14000000000007,45.27000000000007,44.950000000000074,44.97000000000007,4170
2026-03-13T18:00:00+00:00,44.97000000000007,45.17000000000007,44.93000000000007,45.05000000000007,3288
2026-03-13T18:30:00+00:00,45.05000000000007,45.53000000000007,45.01000000000007,45.31000000000007,2912
2026-03-13T19:00:00+00:00,45.31000000000007,45.53000000000007,45.14000000000007,45.28000000000007,2990
2026-03-13T19:30:00+00:00,45.28000000000007,45.42000000000007,45.16000000000007,45.32000000000007,2488
2026-03-16T13:30:00+00:00,45.32000000000007,48.68000000000007,45.32000000000007,47.55000000000007,7481
2026-03-16T14:00:00+00:00,47.55000000000007,47.59000000000007,47.19000000000007,47.25000000000007,7338
2026-03-16T14:30:00+00:00,47.25000000000007,47.51000000000007,47.05000000000007,47.40000000000007,7231
2026-03-16T15:00:00+00:00,47.40000000000007,48.10000000000007,47.35000000000007,47.94000000000007,5675
2026-03-16T15:30:00+00:00,47.94000000000007,48.18000000000007,47.72000000000007,47.76000000000007,5160
2026-03-16T16:00:00+00:00,47.76000000000007,47.82000000000007,47.34000000000007,47.34000000000007,5714
2026-03-16T16:30:00+00:00,47.34000000000007,47.53000000000007,47.26000000000007,47.40000000000007,3656
2026-03-16T17:00:00+00:00,47.40000000000007,47.79000000000007,47.32000000000007,47.61000000000007,3487
2026-03-16T17:30:00+00:00,47.61000000000007,47.79000000000007,47.55000000000007,47.72000000000007,3003
2026-03-16T18:00:00+00:00,47.72000000000007,47.82000000000007,46.99000000000007,47.24000000000007,5477
2026-03-16T18:30:00+00:00,47.24000000000007,47.27000000000007,46.42000000000007,46.72000000000007,5183
2026-03-16T19:00:00+00:00,46.72000000000007,46.75000000000007,45.82000000000007,45.98000000000007,7090
2026-03-16T19:30:00+00:00,45.98000000000007,46.01000000000007,45.23000000000007,45.26000000000007,4701
2026-03-17T13:30:00+00:00,45.26000000000007,45.62000000000007,43.99000000000007,44.79000000000007,6782
2026-03-17T14:00:00+00:00,44.79000000000007,44.94000000000007,44.450000000000074,44.71000000000007,7235
2026-03-17T14:30:00+00:00,44.71000000000007,44.75000000000007,44.46000000000007,44.65000000000007,4371
2026-03-17T15:00:00+00:00,44.65000000000007,44.71000000000007,43.96000000000007,44.00000000000007,3577
2026-03-17T15:30:00+00:00,44.00000000000007,44.09000000000007,43.57000000000007,43.61000000000007,3700
2026-03-17T16:00:00+00:00,43.61000000000007,44.00000000000007,43.450000000000074,43.92000000000007,4097
2026-03-17T16:30:00+00:00,43.92000000000007,43.97000000000007,43.76000000000007,43.79000000000007,2749
2026-03-17T17:00:00+00:00,43.79000000000007,43.91000000000007,43.66000000000007,43.78000000000007,1882
2026-03-17T17:30:00+00:00,43.78000000000007,43.880000000000074,43.66000000000007,43.76000000000007,1426
2026-03-17T18:00:00+00:00,43.76000000000007,43.99000000000007,43.700000000000074,43.85000000000007,1581
2026-03-17T18:30:00+00:00,43.85000000000007,43.90000000000007,43.60000000000007,43.630000000000074,1051
2026-03-17T19:00:00+00:00,43.630000000000074,43.73000000000007,43.49000000000007,43.67000000000007,848
2026-03-17T19:30:00+00:00,43.67000000000007,43.71000000000007,43.51000000000007,43.60000000000007,869
2026-03-18T13:30:00+00:00,43.60000000000007,44.47000000000007,43.60000000000007,44.200000000000074,6759
2026-03-18T14:00:00+00:00,44.200000000000074,44.24000000000007,43.59000000000007,43.92000000000007,4767
2026-03-18T14:30:00+00:00,43.92000000000007,44.19000000000007,43.82000000000007,44.19000000000007,3254
2026-03-18T15:00:00+00:00,44.19000000000007,44.34000000000007,43.91000000000007,43.97000000000007,3553
2026-03-18T15:30:00+00:00,43.97000000000007,44.50000000000007,43.94000000000007,44.48000000000007,2886
2026-03-18T16:00:00+00:00,44.48000000000007,44.72000000000007,44.37000000000007,44.65000000000007,3287
2026-03-18T16:30:00+00:00,44.65000000000007,44.71000000000007,44.46000000000007,44.51000000000007,2536
2026-03-18T17:00:00+00:00,44.51000000000007,44.65000000000007,44.47000000000007,44.62000000000007,1832
2026-03-18T17:30:00+00:00,44.62000000000007,44.72000000000007,44.54000000000007,44.61000000000007,1290
2026-03-18T18:00:00+00:00,44.61000000000007,45.03000000000007,44.59000000000007,44.98000000000007,2989
2026-03-18T18:30:00+00:00,44.98000000000007,45.26000000000007,44.75000000000007,44.87000000000007,4553
2026-03-18T19:00:00+00:00,44.87000000000007,45.08000000000007,44.630000000000074,44.71000000000007,4425
2026-03-18T19:30:00+00:00,44.71000000000007,44.87000000000007,44.54000000000007,44.57000000000007,3325
2026-03-19T13:30:00+00:00,44.57000000000007,44.79000000000007,43.19000000000007,44.62000000000007,7890
2026-03-19T14:00:00+00:00,44.62000000000007,45.37000000000007,44.54000000000007,45.05000000000007,6901
2026-03-19T14:30:00+00:00,45.05000000000007,45.49000000000007,45.01000000000007,45.19000000000007,5836
2026-03-19T15:00:00+00:00,45.19000000000007,45.44000000000007,45.00000000000007,45.06000000000007,5418
2026-03-19T15:30:00+00:00,45.06000000000007,45.14000000000007,44.65000000000007,45.01000000000007,6042
2026-03-19T16:00:00+00:00,45.01000000000007,45.26000000000007,44.91000000000007,45.06000000000007,5097
2026-03-19T16:30:00+00:00,45.06000000000007,45.23000000000007,44.90000000000007,45.11000000000007,4429
2026-03-19T17:00:00+00:00,45.11000000000007,45.15000000000007,44.75000000000007,45.04000000000007,2893
2026-03-19T17:30:00+00:00,45.04000000000007,45.23000000000007,44.91000000000007,45.19000000000007,2727
2026-03-19T18:00:00+00:00,45.19000000000007,45.54000000000007,45.08000000000007,45.42000000000007,2473
2026-03-19T18:30:00+00:00,45.42000000000007,45.49000000000007,45.29000000000007,45.43000000000007,3014
2026-03-19T19:00:00+00:00,45.43000000000007,45.99000000000007,45.39000000000007,45.66000000000007,8970
2026-03-19T19:30:00+00:00,45.66000000000007,45.77000000000007,45.46000000000007,45.75000000000007,4943
2026-03-20T13:30:00+00:00,45.75000000000007,47.07000000000007,45.22000000000007,45.22000000000007,7761
2026-03-20T14:00:00+00:00,45.22000000000007,45.33000000000007,44.35000000000007,44.50000000000007,9084
2026-03-20T14:30:00+00:00,44.50000000000007,45.41000000000007,44.50000000000007,44.73000000000007,7595
2026-03-20T15:00:00+00:00,44.73000000000007,45.04000000000007,44.50000000000007,44.83000000000007,6440
2026-03-20T15:30:00+00:00,44.83000000000007,45.19000000000007,44.81000000000007,44.99000000000007,5142
2026-03-20T16:00:00+00:00,44.99000000000007,45.16000000000007,44.67000000000007,44.73000000000007,4275
2026-03-20T16:30:00+00:00,44.73000000000007,44.75000000000007,44.09000000000007,44.23000000000007,3874
2026-03-20T17:00:00+00:00,44.23000000000007,44.380000000000074,44.04000000000007,44.10000000000007,4176
2026-03-20T17:30:00+00:00,44.10000000000007,44.130000000000074,43.76000000000007,43.93000000000007,3419
2026-03-20T18:00:00+00:00,43.93000000000007,44.01000000000007,43.60000000000007,43.700000000000074,3771
2026-03-20T18:30:00+00:00,43.700000000000074,43.71000000000007,43.28000000000007,43.37000000000007,3827
2026-03-20T19:00:00+00:00,43.37000000000007,43.53000000000007,43.23000000000007,43.32000000000007,4035
2026-03-20T19:30:00+00:00,43.32000000000007,43.71000000000007,43.18000000000007,43.43000000000007,5475
2026-03-23T13:30:00+00:00,43.43000000000007,44.74000000000007,43.43000000000007,44.59000000000007,7516
2026-03-23T14:00:00+00:00,44.59000000000007,45.01000000000007,44.04000000000007,44.85000000000007,5940
2026-03-23T14:30:00+00:00,44.85000000000007,44.94000000000007,44.31000000000007,44.50000000000007,6917
2026-03-23T15:00:00+00:00,44.50000000000007,44.80000000000007,44.09000000000007,44.17000000000007,5234
2026-03-23T15:30:00+00:00,44.17000000000007,44.37000000000007,43.32000000000007,43.42000000000007,6319
2026-03-23T16:00:00+00:00,43.42000000000007,43.85000000000007,43.28000000000007,43.31000000000007,7432
2026-03-23T16:30:00+00:00,43.31000000000007,43.62000000000007,43.29000000000007,43.57000000000007,5831
2026-03-23T17:00:00+00:00,43.57000000000007,43.66000000000007,43.32000000000007,43.48000000000007,4977
2026-03-23T17:30:00+00:00,43.48000000000007,43.80000000000007,43.450000000000074,43.76000000000007,4022
2026-03-23T18:00:00+00:00,43.76000000000007,43.82000000000007,43.55000000000007,43.72000000000007,3954
2026-03-23T18:30:00+00:00,43.72000000000007,43.99000000000007,43.700000000000074,43.98000000000007,3392
2026-03-23T19:00:00+00:00,43.98000000000007,43.99000000000007,43.74000000000007,43.82000000000007,2422
2026-03-23T19:30:00+00:00,43.82000000000007,43.880000000000074,43.54000000000007,43.54000000000007,1888
2026-03-24T13:30:00+00:00,43.54000000000007,43.54000000000007,42.72000000000007,43.200000000000074,5780
2026-03-24T14:00:00+00:00,43.200000000000074,43.67000000000007,42.87000000000007,43.130000000000074,6886
2026-03-24T14:30:00+00:00,43.130000000000074,43.48000000000007,43.04000000000007,43.22000000000007,7697
2026-03-24T15:00:00+00:00,43.22000000000007,43.73000000000007,43.18000000000007,43.54000000000007,5876
2026-03-24T15:30:00+00:00,43.54000000000007,43.73000000000007,43.10000000000007,43.40000000000007,4139
2026-03-24T16:00:00+00:00,43.40000000000007,43.55000000000007,43.200000000000074,43.30000000000007,4203
2026-03-24T16:30:00+00:00,43.30000000000007,43.43000000000007,42.86000000000007,43.08000000000007,4249
2026-03-24T17:00:00+00:00,43.08000000000007,43.26000000000007,42.78000000000007,42.97000000000007,5299
2026-03-24T17:30:00+00:00,42.97000000000007,43.17000000000007,42.85000000000007,43.130000000000074,4318
2026-03-24T18:00:00+00:00,43.130000000000074,43.48000000000007,43.05000000000007,43.41000000000007,3582
2026-03-24T18:30:00+00:00,43.41000000000007,43.73000000000007,43.380000000000074,43.54000000000007,3365
2026-03-24T19:00:00+00:00,43.54000000000007,43.86000000000007,43.51000000000007,43.71000000000007,2490
2026-03-24T19:30:00+00:00,43.71000000000007,43.79000000000007,43.52000000000007,43.64000000000007,1899
2026-03-25T13:30:00+00:00,43.64000000000007,46.130000000000074,43.64000000000007,45.26000000000007,6214
2026-03-25T14:00:00+00:00,45.26000000000007,46.83000000000007,45.02000000000007,46.55000000000007,7691
2026-03-25T14:30:00+00:00,46.55000000000007,47.12000000000007,46.380000000000074,47.01000000000007,6314
2026-03-25T15:00:00+00:00,47.01000000000007,47.27000000000007,46.50000000000007,47.25000000000007,7508
2026-03-25T15:30:00+00:00,47.25000000000007,47.27000000000007,46.60000000000007,46.82000000000007,5170
2026-03-25T16:00:00+00:00,46.82000000000007,47.29000000000007,46.68000000000007,47.130000000000074,4818
2026-03-25T16:30:00+00:00,47.130000000000074,47.39000000000007,46.94000000000007,47.16000000000007,3610
2026-03-25T17:00:00+00:00,47.16000000000007,47.29000000000007,46.97000000000007,47.09000000000007,3661
2026-03-25T17:30:00+00:00,47.09000000000007,47.30000000000007,46.84000000000007,46.93000000000007,3817
2026-03-25T18:00:00+00:00,46.93000000000007,47.08000000000007,46.82000000000007,46.93000000000007,2507
2026-03-25T18:30:00+00:00,46.93000000000007,46.98000000000007,46.57000000000007,46.61000000000007,2269
2026-03-25T19:00:00+00:00,46.61000000000007,46.77000000000007,46.48000000000007,46.69000000000007,3308
2026-03-25T19:30:00+00:00,46.69000000000007,46.80000000000007,46.62000000000007,46.73000000000007,2457
2026-03-26T13:30:00+00:00,46.73000000000007,46.73000000000007,44.76000000000007,44.93000000000007,6192
2026-03-26T14:00:00+00:00,44.93000000000007,45.59000000000007,44.81000000000007,45.01000000000007,6206
2026-03-26T14:30:00+00:00,45.01000000000007,45.27000000000007,44.30000000000007,44.36000000000007,6629
2026-03-26T15:00:00+00:00,44.36000000000007,44.55000000000007,44.27000000000007,44.36000000000007,4613
2026-03-26T15:30:00+00:00,44.36000000000007,44.74000000000007,44.34000000000007,44.52000000000007,3651
2026-03-26T16:00:00+00:00,44.52000000000007,44.74000000000007,44.42000000000007,44.47000000000007,3525
2026-03-26T16:30:00+00:00,44.47000000000007,44.48000000000007,43.99000000000007,44.24000000000007,3531
2026-03-26T17:00:00+00:00,44.24000000000007,44.29000000000007,43.91000000000007,43.97000000000007,3003
2026-03-26T17:30:00+00:00,43.97000000000007,44.14000000000007,43.74000000000007,43.78000000000007,2670
2026-03-26T18:00:00+00:00,43.78000000000007,43.96000000000007,43.61000000000007,43.64000000000007,2710
2026-03-26T18:30:00+00:00,43.64000000000007,43.77000000000007,43.60000000000007,43.69000000000007,2352
2026-03-26T19:00:00+00:00,43.69000000000007,43.80000000000007,43.46000000000007,43.79000000000007,2884
2026-03-26T19:30:00+00:00,43.79000000000007,43.85000000000007,43.57000000000007,43.65000000000007,2588
2026-03-27T13:30:00+00:00,43.65000000000007,43.67000000000007,42.68000000000007,43.06000000000007,6194
2026-03-27T14:00:00+00:00,43.06000000000007,43.30000000000007,42.68000000000007,42.69000000000007,7674
2026-03-27T14:30:00+00:00,42.69000000000007,42.99000000000007,42.40000000000007,42.91000000000007,6368
2026-03-27T15:00:00+00:00,42.91000000000007,43.21000000000007,42.73000000000007,43.16000000000007,7239
2026-03-27T15:30:00+00:00,43.16000000000007,43.46000000000007,43.11000000000007,43.34000000000007,5136
2026-03-27T16:00:00+00:00,43.34000000000007,43.450000000000074,43.10000000000007,43.16000000000007,3521
2026-03-27T16:30:00+00:00,43.16000000000007,43.16000000000007,42.92000000000007,42.98000000000007,3176
2026-03-27T17:00:00+00:00,42.98000000000007,43.08000000000007,42.62000000000007,42.66000000000007,3115
2026-03-27T17:30:00+00:00,42.66000000000007,42.73000000000007,42.55000000000007,42.65000000000007,1655.1499148211244
2026-03-27T18:00:00+00:00,42.65000000000007,42.700000000000074,42.50000000000007,42.59000000000007,1556
2026-03-27T18:30:00+00:00,42.59000000000007,42.72000000000007,42.48000000000007,42.67000000000007,1499
2026-03-27T19:00:00+00:00,42.67000000000007,42.72000000000007,42.49000000000007,42.56000000000007,1588
2026-03-27T19:30:00+00:00,42.56000000000007,42.76000000000007,42.48000000000007,42.68000000000007,2131
2026-03-30T13:30:00+00:00,42.68000000000007,43.53000000000007,41.75000000000007,41.90000000000007,6667
2026-03-30T14:00:00+00:00,41.90000000000007,42.39000000000007,41.80000000000007,41.82000000000007,6743
2026-03-30T14:30:00+00:00,41.82000000000007,41.99000000000007,40.99000000000007,41.62000000000007,6599
2026-03-30T15:00:00+00:00,41.62000000000007,41.72000000000007,40.880000000000074,40.98000000000007,5411
2026-03-30T15:30:00+00:00,40.98000000000007,41.450000000000074,40.950000000000074,41.24000000000007,4609
2026-03-30T16:00:00+00:00,41.24000000000007,41.25000000000007,40.60000000000007,40.65000000000007,4118
2026-03-30T16:30:00+00:00,40.65000000000007,40.97000000000007,40.61000000000007,40.700000000000074,2689
2026-03-30T17:00:00+00:00,40.700000000000074,40.80000000000007,40.56000000000007,40.56000000000007,3149
2026-03-30T17:30:00+00:00,40.56000000000007,41.02000000000007,40.55000000000007,40.90000000000007,4172
2026-03-30T18:00:00+00:00,40.90000000000007,40.93000000000007,40.59000000000007,40.62000000000007,3291
2026-03-30T18:30:00+00:00,40.62000000000007,40.86000000000007,40.42000000000007,40.47000000000007,2707
2026-03-30T19:00:00+00:00,40.47000000000007,40.61000000000007,40.21000000000007,40.24000000000007,3747
2026-03-30T19:30:00+00:00,40.24000000000007,40.880000000000074,40.17000000000007,40.73000000000007,4004
2026-03-31T13:30:00+00:00,40.73000000000007,42.07000000000007,40.73000000000007,42.02000000000007,5764
2026-03-31T14:00:00+00:00,42.02000000000007,42.23000000000007,41.61000000000007,42.08000000000007,6946
2026-03-31T14:30:00+00:00,42.08000000000007,42.200000000000074,41.67000000000007,41.89000000000007,7892
2026-03-31T15:00:00+00:00,41.89000000000007,42.36000000000007,41.880000000000074,41.93000000000007,6549
2026-03-31T15:30:00+00:00,41.93000000000007,42.26000000000007,41.89000000000007,42.06000000000007,6664
2026-03-31T16:00:00+00:00,42.06000000000007,42.46000000000007,42.04000000000007,42.32000000000007,4883
2026-03-31T16:30:00+00:00,42.32000000000007,43.27000000000007,42.24000000000007,42.950000000000074,12148
2026-03-31T17:00:00+00:00,42.950000000000074,43.28000000000007,42.90000000000007,43.15000000000007,9910
2026-03-31T17:30:00+00:00,43.15000000000007,43.30000000000007,42.89000000000007,42.99000000000007,7825
2026-03-31T18:00:00+00:00,42.99000000000007,43.47000000000007,42.96000000000007,43.36000000000007,4654
2026-03-31T18:30:00+00:00,43.36000000000007,43.64000000000007,43.30000000000007,43.49000000000007,2736
2026-03-31T19:00:00+00:00,43.49000000000007,43.76000000000007,43.34000000000007,43.69000000000007,2586
2026-03-31T19:30:00+00:00,43.69000000000007,43.78000000000007,43.49000000000007,43.69000000000007,3464
2026-04-01T13:30:00+00:00,43.69000000000007,46.76000000000007,43.69000000000007,46.31000000000007,8757
2026-04-01T14:00:00+00:00,46.31000000000007,47.74000000000007,46.25000000000007,47.53000000000007,7176
2026-04-01T14:30:00+00:00,47.53000000000007,48.15000000000007,47.19000000000007,47.73000000000007,6738
2026-04-01T15:00:00+00:00,47.73000000000007,48.31000000000007,47.69000000000007,47.87000000000007,4715
2026-04-01T15:30:00+00:00,47.87000000000007,48.17000000000007,47.74000000000007,48.06000000000007,4303
2026-04-01T16:00:00+00:00,48.06000000000007,48.19000000000007,47.700000000000074,47.82000000000007,3479
2026-04-01T16:30:00+00:00,47.82000000000007,47.97000000000007,47.60000000000007,47.87000000000007,2943
2026-04-01T17:00:00+00:00,47.87000000000007,48.05000000000007,47.79000000000007,47.90000000000007,3191
2026-04-01T17:30:00+00:00,47.90000000000007,48.01000000000007,47.67000000000007,47.78000000000007,3126
2026-04-01T18:00:00+00:00,47.78000000000007,47.85000000000007,47.35000000000007,47.450000000000074,5362
2026-04-01T18:30:00+00:00,47.450000000000074,47.73000000000007,47.32000000000007,47.41000000000007,5040
2026-04-01T19:00:00+00:00,47.41000000000007,47.77000000000007,47.33000000000007,47.64000000000007,3779
2026-04-01T19:30:00+00:00,47.64000000000007,47.67000000000007,47.25000000000007,47.59000000000007,4067
2026-04-02T13:30:00+00:00,47.59000000000007,48.39000000000007,45.55000000000007,48.380000000000074,8367
2026-04-02T14:00:00+00:00,48.380000000000074,49.99000000000007,48.12000000000007,48.82000000000007,11445
2026-04-02T14:30:00+00:00,48.82000000000007,49.62000000000007,48.50000000000007,49.28000000000007,11627.519681490385
2026-04-02T15:00:00+00:00,49.28000000000007,49.60000000000007,48.96000000000007,49.21000000000007,9565
2026-04-02T15:30:00+00:00,49.21000000000007,49.32000000000007,48.85000000000007,48.950000000000074,7755
2026-04-02T16:00:00+00:00,48.950000000000074,49.11000000000007,48.66000000000007,49.05000000000007,7025
2026-04-02T16:30:00+00:00,49.05000000000007,49.29000000000007,48.86000000000007,49.12000000000007,5706
2026-04-02T17:00:00+00:00,49.12000000000007,49.28000000000007,48.880000000000074,49.26000000000007,4170
2026-04-02T17:30:00+00:00,49.26000000000007,49.29000000000007,48.93000000000007,49.25000000000007,4243
2026-04-02T18:00:00+00:00,49.25000000000007,49.52000000000007,49.19000000000007,49.34000000000007,3700
2026-04-02T18:30:00+00:00,49.34000000000007,49.450000000000074,49.24000000000007,49.30000000000007,2942
2026-04-02T19:00:00+00:00,49.30000000000007,49.700000000000074,49.30000000000007,49.67000000000007,2445
2026-04-02T19:30:00+00:00,49.67000000000007,50.03000000000007,49.64000000000007,49.91000000000007,3060
2026-04-06T13:30:00+00:00,49.91000000000007,51.94000000000007,49.91000000000007,51.16000000000007,8802
2026-04-06T14:00:00+00:00,51.16000000000007,51.34000000000007,50.15000000000007,50.29000000000007,8041
2026-04-06T14:30:00+00:00,50.29000000000007,50.630000000000074,50.03000000000007,50.06000000000007,7837
2026-04-06T15:00:00+00:00,50.06000000000007,50.33000000000007,49.82000000000007,49.92000000000007,5599
2026-04-06T15:30:00+00:00,49.92000000000007,50.200000000000074,49.89000000000007,50.18000000000007,4496
2026-04-06T16:00:00+00:00,50.18000000000007,50.27000000000007,49.700000000000074,49.80000000000007,3504
2026-04-06T16:30:00+00:00,49.80000000000007,49.92000000000007,49.52000000000007,49.62000000000007,3003
2026-04-06T17:00:00+00:00,49.62000000000007,50.23000000000007,49.41000000000007,50.16000000000007,5038
2026-04-06T17:30:00+00:00,50.16000000000007,50.21000000000007,49.880000000000074,49.950000000000074,3641
2026-04-06T18:00:00+00:00,49.950000000000074,50.22000000000007,49.94000000000007,50.06000000000007,4259
2026-04-06T18:30:00+00:00,50.06000000000007,50.32000000000007,50.06000000000007,50.29000000000007,2424
2026-04-06T19:00:00+00:00,50.29000000000007,50.39000000000007,50.17000000000007,50.30000000000007,2441
2026-04-06T19:30:00+00:00,50.30000000000007,50.53000000000007,50.22000000000007,50.29000000000007,2644
2026-04-07T13:30:00+00:00,50.29000000000007,52.81000000000007,50.29000000000007,51.19000000000007,9488
2026-04-07T14:00:00+00:00,51.19000000000007,51.59000000000007,50.75000000000007,51.42000000000007,8212
2026-04-07T14:30:00+00:00,51.42000000000007,51.79000000000007,51.28000000000007,51.47000000000007,6491
2026-04-07T15:00:00+00:00,51.47000000000007,51.82000000000007,51.08000000000007,51.80000000000007,6468
2026-04-07T15:30:00+00:00,51.80000000000007,52.07000000000007,51.200000000000074,51.22000000000007,5787
2026-04-07T16:00:00+00:00,51.22000000000007,52.21000000000007,51.17000000000007,51.99000000000007,7064
2026-04-07T16:30:00+00:00,51.99000000000007,52.57000000000007,51.89000000000007,52.25000000000007,5117
2026-04-07T17:00:00+00:00,52.25000000000007,52.39000000000007,51.92000000000007,52.12000000000007,4467
2026-04-07T17:30:00+00:00,52.12000000000007,52.22000000000007,51.72000000000007,51.85000000000007,5475
2026-04-07T18:00:00+00:00,51.85000000000007,51.91000000000007,51.68000000000007,51.77000000000007,3159
2026-04-07T18:30:00+00:00,51.77000000000007,51.81000000000007,51.25000000000007,51.39000000000007,3282
2026-04-07T19:00:00+00:00,51.39000000000007,52.10000000000007,51.33000000000007,51.78000000000007,6709
2026-04-07T19:30:00+00:00,51.78000000000007,52.55000000000007,51.73000000000007,52.42000000000007,6126
2026-04-08T13:30:00+00:00,52.42000000000007,57.04000000000007,52.42000000000007,56.950000000000074,9873
2026-04-08T14:00:00+00:00,56.950000000000074,57.26000000000007,56.79000000000007,56.80000000000007,9141
2026-04-08T14:30:00+00:00,56.80000000000007,57.11000000000007,55.71000000000007,55.98000000000007,9061.01075920594
2026-04-08T15:00:00+00:00,55.98000000000007,57.10000000000007,55.97000000000007,56.74000000000007,6827
2026-04-08T15:30:00+00:00,56.74000000000007,57.23000000000007,56.68000000000007,57.08000000000007,5294
2026-04-08T16:00:00+00:00,57.08000000000007,57.630000000000074,57.06000000000007,57.590000000000074,4127
2026-04-08T16:30:00+00:00,57.590000000000074,58.14000000000007,57.55000000000007,58.12000000000007,3415
2026-04-08T17:00:00+00:00,58.12000000000007,58.32000000000007,57.76000000000007,58.08000000000007,4140
2026-04-08T17:30:00+00:00,58.08000000000007,58.410000000000075,57.97000000000007,58.36000000000007,3105
2026-04-08T18:00:00+00:00,58.36000000000007,58.68000000000007,58.11000000000007,58.12000000000007,5171
2026-04-08T18:30:00+00:00,58.12000000000007,58.25000000000007,57.42000000000007,57.49000000000007,4811
2026-04-08T19:00:00+00:00,57.49000000000007,58.08000000000007,57.40000000000007,57.94000000000007,4731
2026-04-08T19:30:00+00:00,57.94000000000007,58.56000000000007,57.630000000000074,58.44000000000007,4729
2026-04-09T13:30:00+00:00,58.44000000000007,59.98000000000007,57.85000000000007,59.80000000000007,9226
2026-04-09T14:00:00+00:00,59.80000000000007,60.56000000000007,59.51000000000007,60.090000000000074,6453
2026-04-09T14:30:00+00:00,60.090000000000074,60.58000000000007,59.53000000000007,60.40000000000007,5027
2026-04-09T15:00:00+00:00,60.40000000000007,60.55000000000007,59.61000000000007,59.94000000000007,5326
2026-04-09T15:30:00+00:00,59.94000000000007,60.23000000000007,59.74000000000007,59.82000000000007,6948
2026-04-09T16:00:00+00:00,59.82000000000007,60.090000000000074,59.36000000000007,59.96000000000007,5396
2026-04-09T16:30:00+00:00,59.96000000000007,60.17000000000007,59.60000000000007,60.020000000000074,3860
2026-04-09T17:00:00+00:00,60.020000000000074,60.19000000000007,59.83000000000007,60.07000000000007,3853
2026-04-09T17:30:00+00:00,60.07000000000007,60.410000000000075,59.89000000000007,60.36000000000007,3129
2026-04-09T18:00:00+00:00,60.36000000000007,60.380000000000074,59.83000000000007,59.98000000000007,5459
2026-04-09T18:30:00+00:00,59.98000000000007,60.50000000000007,59.92000000000007,60.26000000000007,3559
2026-04-09T19:00:00+00:00,60.26000000000007,61.00000000000007,60.25000000000007,60.94000000000007,3359
2026-04-09T19:30:00+00:00,60.94000000000007,61.57000000000007,60.90000000000007,61.17000000000007,3114
2026-04-10T13:30:00+00:00,61.17000000000007,62.89000000000007,60.25000000000007,62.340000000000074,8096
2026-04-10T14:00:00+00:00,62.340000000000074,62.62000000000007,61.950000000000074,62.26000000000007,7085
2026-04-10T14:30:00+00:00,62.26000000000007,62.47000000000007,61.82000000000007,62.47000000000007,6906.285714285714
2026-04-10T15:00:00+00:00,62.47000000000007,62.78000000000007,62.230000000000075,62.450000000000074,4795
2026-04-10T15:30:00+00:00,62.450000000000074,62.65000000000008,61.940000000000076,62.06000000000007,5975
2026-04-10T16:00:00+00:00,62.06000000000007,62.090000000000074,61.56000000000007,61.940000000000076,5239
2026-04-10T16:30:00+00:00,61.940000000000076,62.04000000000007,61.71000000000007,61.85000000000007,5071
2026-04-10T17:00:00+00:00,61.85000000000007,62.11000000000007,61.58000000000008,61.96000000000007,4275
2026-04-10T17:30:00+00:00,61.96000000000007,62.33000000000008,61.89000000000007,62.29000000000007,3385
2026-04-10T18:00:00+00:00,62.29000000000007,62.49000000000007,62.22000000000007,62.39000000000007,3098
2026-04-10T18:30:00+00:00,62.39000000000007,62.43000000000007,62.200000000000074,62.25000000000007,1835
2026-04-10T19:00:00+00:00,62.25000000000007,62.74000000000007,62.18000000000007,62.58000000000008,1831
2026-04-10T19:30:00+00:00,62.58000000000008,62.58000000000008,61.81000000000007,61.85000000000007,2501
2026-04-13T13:30:00+00:00,61.85000000000007,64.28000000000007,61.60000000000007,63.25000000000007,8285
2026-04-13T14:00:00+00:00,63.25000000000007,63.54000000000007,62.89000000000007,63.120000000000076,5270
2026-04-13T14:30:00+00:00,63.120000000000076,64.16000000000007,62.97000000000007,63.71000000000008,4440
2026-04-13T15:00:00+00:00,63.71000000000008,64.16000000000007,63.480000000000075,63.69000000000007,4751
2026-04-13T15:30:00+00:00,63.69000000000007,64.41000000000007,63.57000000000008,64.05000000000007,4130
2026-04-13T16:00:00+00:00,64.05000000000007,64.39000000000007,63.88000000000007,64.29000000000008,4122
2026-04-13T16:30:00+00:00,64.29000000000008,65.11000000000007,64.24000000000008,65.10000000000008,5163
2026-04-13T17:00:00+00:00,65.10000000000008,65.15000000000008,64.74000000000008,64.77000000000007,3190
2026-04-13T17:30:00+00:00,64.77000000000007,64.87000000000008,64.43000000000008,64.43000000000008,2255
2026-04-13T18:00:00+00:00,64.43000000000008,64.55000000000007,63.91000000000007,64.12000000000008,2342
2026-04-13T18:30:00+00:00,64.12000000000008,64.69000000000007,64.11000000000007,64.59000000000007,2660
2026-04-13T19:00:00+00:00,64.59000000000007,64.79000000000008,64.53000000000007,64.63000000000007,2498
2026-04-13T19:30:00+00:00,64.63000000000007,64.95000000000007,64.50000000000007,64.66000000000007,3379
2026-04-14T13:30:00+00:00,64.66000000000007,64.67000000000007,62.120000000000076,63.370000000000076,9291
2026-04-14T14:00:00+00:00,63.370000000000076,63.43000000000007,62.58000000000008,62.82000000000007,7024
2026-04-14T14:30:00+00:00,62.82000000000007,63.14000000000007,62.39000000000007,62.61000000000007,6128
2026-04-14T15:00:00+00:00,62.61000000000007,62.620000000000076,62.17000000000007,62.42000000000007,5889
2026-04-14T15:30:00+00:00,62.42000000000007,62.53000000000007,61.71000000000007,62.04000000000007,4993
2026-04-14T16:00:00+00:00,62.04000000000007,62.32000000000007,61.870000000000076,62.00000000000007,3426
2026-04-14T16:30:00+00:00,62.00000000000007,62.050000000000075,61.57000000000007,61.690000000000076,2876
2026-04-14T17:00:00+00:00,61.690000000000076,62.28000000000007,61.67000000000007,62.24000000000007,3790
2026-04-14T17:30:00+00:00,62.24000000000007,62.510000000000076,62.08000000000008,62.28000000000007,3186
2026-04-14T18:00:00+00:00,62.28000000000007,62.54000000000007,62.17000000000007,62.270000000000074,3011
2026-04-14T18:30:00+00:00,62.270000000000074,62.81000000000007,62.230000000000075,62.690000000000076,2734
2026-04-14T19:00:00+00:00,62.690000000000076,63.15000000000008,62.64000000000007,63.03000000000007,2874
2026-04-14T19:30:00+00:00,63.03000000000007,63.32000000000007,62.85000000000007,63.300000000000075,3514
2026-04-15T13:30:00+00:00,63.300000000000075,64.48000000000008,62.36000000000007,63.94000000000007,8178
2026-04-15T14:00:00+00:00,63.94000000000007,64.21000000000008,63.440000000000076,64.02000000000007,5939
2026-04-15T14:30:00+00:00,64.02000000000007,65.33000000000007,63.980000000000075,64.82000000000008,5456.503144654088
2026-04-15T15:00:00+00:00,64.82000000000008,64.98000000000009,64.48000000000009,64.80000000000008,4746
2026-04-15T15:30:00+00:00,64.80000000000008,65.04000000000008,64.49000000000008,64.82000000000008,4314
2026-04-15T16:00:00+00:00,64.82000000000008,64.96000000000008,64.28000000000009,64.31000000000009,3452
2026-04-15T16:30:00+00:00,64.31000000000009,64.37000000000008,63.21000000000008,63.56000000000009,6174
2026-04-15T17:00:00+00:00,63.56000000000009,63.85000000000008,63.45000000000008,63.68000000000008,4729
2026-04-15T17:30:00+00:00,63.68000000000008,63.92000000000009,63.580000000000084,63.80000000000008,2954
2026-04-15T18:00:00+00:00,63.80000000000008,63.98000000000009,63.70000000000009,63.970000000000084,3726
2026-04-15T18:30:00+00:00,63.970000000000084,64.04000000000008,63.82000000000008,64.00000000000009,1915
2026-04-15T19:00:00+00:00,64.00000000000009,64.20000000000009,63.93000000000008,64.10000000000008,2450
2026-04-15T19:30:00+00:00,64.10000000000008,64.45000000000009,64.00000000000009,64.43000000000008,3886
2026-04-16T13:30:00+00:00,64.43000000000008,66.41000000000008,63.750000000000085,65.37000000000008,9657
2026-04-16T14:00:00+00:00,65.37000000000008,66.32000000000008,65.14000000000009,65.74000000000008,8004
2026-04-16T14:30:00+00:00,65.74000000000008,66.75000000000009,65.58000000000008,66.58000000000008,6959
2026-04-16T15:00:00+00:00,66.58000000000008,67.24000000000008,66.47000000000008,66.97000000000008,5951
2026-04-16T15:30:00+00:00,66.97000000000008,67.52000000000008,66.82000000000008,67.41000000000008,6375
2026-04-16T16:00:00+00:00,67.41000000000008,67.71000000000008,67.24000000000008,67.39000000000009,4211
2026-04-16T16:30:00+00:00,67.39000000000009,67.66000000000008,66.90000000000008,67.15000000000008,5947
2026-04-16T17:00:00+00:00,67.15000000000008,67.23000000000009,66.86000000000008,67.19000000000008,4749
2026-04-16T17:30:00+00:00,67.19000000000008,67.40000000000008,67.11000000000008,67.20000000000009,3572
2026-04-16T18:00:00+00:00,67.20000000000009,67.30000000000008,66.54000000000008,66.68000000000008,6222
2026-04-16T18:30:00+00:00,66.68000000000008,67.49000000000008,66.64000000000009,67.36000000000008,3934
2026-04-16T19:00:00+00:00,67.36000000000008,67.87000000000008,67.34000000000009,67.61000000000008,2943
2026-04-16T19:30:00+00:00,67.61000000000008,68.09000000000009,67.55000000000008,68.04000000000008,3652
2026-04-17T13:30:00+00:00,68.04000000000008,69.03000000000009,67.85000000000008,68.91000000000008,9455
2026-04-17T14:00:00+00:00,68.91000000000008,69.60000000000008,68.78000000000009,69.09000000000009,7351
2026-04-17T14:30:00+00:00,69.09000000000009,69.54000000000008,68.94000000000008,69.18000000000008,6683.254253611557
2026-04-17T15:00:00+00:00,69.18000000000008,69.82000000000008,69.07000000000008,69.76000000000008,6743
2026-04-17T15:30:00+00:00,69.76000000000008,69.78000000000007,68.51000000000008,68.55000000000007,6146
2026-04-17T16:00:00+00:00,68.55000000000007,69.41000000000007,68.24000000000008,68.87000000000008,5475
2026-04-17T16:30:00+00:00,68.87000000000008,68.92000000000007,68.35000000000008,68.50000000000007,4468
2026-04-17T17:00:00+00:00,68.50000000000007,68.52000000000007,67.85000000000008,68.11000000000007,6814
2026-04-17T17:30:00+00:00,68.11000000000007,68.37000000000008,67.95000000000007,68.15000000000008,4596
2026-04-17T18:00:00+00:00,68.15000000000008,68.20000000000007,67.40000000000008,67.46000000000008,5500
2026-04-17T18:30:00+00:00,67.46000000000008,67.61000000000007,67.26000000000008,67.44000000000007,4546
2026-04-17T19:00:00+00:00,67.44000000000007,67.58000000000007,67.22000000000007,67.50000000000007,3842
2026-04-17T19:30:00+00:00,67.50000000000007,68.21000000000008,67.29000000000008,67.99000000000008,4845
2026-04-20T13:30:00+00:00,67.99000000000008,68.68000000000008,65.38000000000007,65.80000000000007,9509
2026-04-20T14:00:00+00:00,65.80000000000007,66.12000000000008,65.22000000000007,65.74000000000008,5434
2026-04-20T14:30:00+00:00,65.74000000000008,66.15000000000008,65.09000000000007,65.30000000000007,6290
2026-04-20T15:00:00+00:00,65.30000000000007,65.67000000000007,65.15000000000008,65.44000000000007,6613
2026-04-20T15:30:00+00:00,65.44000000000007,65.52000000000007,65.07000000000008,65.38000000000007,5322
2026-04-20T16:00:00+00:00,65.38000000000007,65.49000000000008,64.99000000000008,65.27000000000007,3522
2026-04-20T16:30:00+00:00,65.27000000000007,65.40000000000008,65.06000000000007,65.21000000000008,3863
2026-04-20T17:00:00+00:00,65.21000000000008,65.26000000000008,64.61000000000007,64.68000000000008,3746
2026-04-20T17:30:00+00:00,64.68000000000008,65.27000000000007,64.59000000000007,65.09000000000007,3333
2026-04-20T18:00:00+00:00,65.09000000000007,65.18000000000008,64.72000000000007,65.00000000000007,3616
2026-04-20T18:30:00+00:00,65.00000000000007,65.33000000000007,64.82000000000008,65.29000000000008,2937
2026-04-20T19:00:00+00:00,65.29000000000008,65.35000000000008,64.84000000000007,64.99000000000008,2487
2026-04-20T19:30:00+00:00,64.99000000000008,65.24000000000008,64.88000000000007,65.21000000000008,3673
2026-04-21T13:30:00+00:00,65.21000000000008,67.13000000000007,65.21000000000008,66.35000000000008,3266
2026-04-21T14:00:00+00:00,66.35000000000008,67.05000000000007,65.97000000000007,66.22000000000007,2679
2026-04-21T14:30:00+00:00,66.22000000000007,66.53000000000007,65.74000000000008,65.77000000000007,2996
2026-04-21T15:00:00+00:00,65.77000000000007,66.76000000000008,65.59000000000007,66.09000000000007,3699
2026-04-21T15:30:00+00:00,66.09000000000007,66.23000000000008,65.89000000000007,66.05000000000007,3418
2026-04-21T16:00:00+00:00,66.05000000000007,66.33000000000007,65.76000000000008,65.79000000000008,3077
2026-04-21T16:30:00+00:00,65.79000000000008,65.93000000000008,65.40000000000008,65.53000000000007,2409
2026-04-21T17:00:00+00:00,65.53000000000007,65.66000000000007,65.16000000000007,65.25000000000007,3671
2026-04-21T17:30:00+00:00,65.25000000000007,65.87000000000008,65.22000000000007,65.80000000000007,3357
2026-04-21T18:00:00+00:00,65.80000000000007,65.88000000000007,65.46000000000008,65.52000000000007,2568
2026-04-21T18:30:00+00:00,65.52000000000007,65.78000000000007,65.44000000000007,65.68000000000008,2527
2026-04-21T19:00:00+00:00,65.68000000000008,66.15000000000008,65.67000000000007,66.03000000000007,2537
2026-04-21T19:30:00+00:00,66.03000000000007,66.09000000000007,65.13000000000007,65.82000000000008,3808
2026-04-22T13:30:00+00:00,65.82000000000008,68.25000000000007,65.54000000000008,65.78000000000007,8639
2026-04-22T14:00:00+00:00,65.78000000000007,65.89000000000007,64.89000000000007,65.84000000000007,5118
2026-04-22T14:30:00+00:00,65.84000000000007,66.09000000000007,65.41000000000007,65.62000000000006,4775.07240644965
2026-04-22T15:00:00+00:00,65.62000000000006,65.81000000000006,65.33000000000006,65.59000000000006,3858
2026-04-22T15:30:00+00:00,65.59000000000006,65.84000000000006,65.28000000000006,65.37000000000006,3093
2026-04-22T16:00:00+00:00,65.37000000000006,65.54000000000005,64.92000000000006,64.92000000000006,2890
2026-04-22T16:30:00+00:00,64.92000000000006,64.99000000000005,64.67000000000006,64.82000000000005,3541
2026-04-22T17:00:00+00:00,64.82000000000005,65.21000000000005,64.81000000000006,65.17000000000006,2753
2026-04-22T17:30:00+00:00,65.17000000000006,65.33000000000006,65.03000000000006,65.06000000000006,2051
2026-04-22T18:00:00+00:00,65.06000000000006,65.21000000000005,64.76000000000006,64.95000000000006,2318
2026-04-22T18:30:00+00:00,64.95000000000006,65.01000000000006,64.77000000000005,64.81000000000006,1760
2026-04-22T19:00:00+00:00,64.81000000000006,65.10000000000005,64.49000000000005,64.93000000000005,3573
2026-04-22T19:30:00+00:00,64.93000000000005,64.95000000000006,64.57000000000005,64.75000000000006,3478
2026-04-23T13:30:00+00:00,64.75000000000006,67.79000000000005,64.75000000000006,66.38000000000005,8536
2026-04-23T14:00:00+00:00,66.38000000000005,66.76000000000006,65.94000000000005,66.39000000000006,6917
2026-04-23T14:30:00+00:00,66.39000000000006,66.87000000000006,66.28000000000006,66.53000000000006,5831
2026-04-23T15:00:00+00:00,66.53000000000006,67.37000000000006,66.51000000000006,67.09000000000006,4978
2026-04-23T15:30:00+00:00,67.09000000000006,67.37000000000006,66.84000000000006,67.26000000000006,6445
2026-04-23T16:00:00+00:00,67.26000000000006,67.66000000000005,66.87000000000006,67.50000000000006,6186
2026-04-23T16:30:00+00:00,67.50000000000006,67.79000000000005,67.33000000000006,67.49000000000005,3901
2026-04-23T17:00:00+00:00,67.49000000000005,67.57000000000005,66.56000000000006,66.89000000000006,10957
2026-04-23T17:30:00+00:00,66.89000000000006,67.33000000000006,66.21000000000005,67.08000000000006,11832
2026-04-23T18:00:00+00:00,67.08000000000006,67.45000000000006,66.97000000000006,67.16000000000005,8156
2026-04-23T18:30:00+00:00,67.16000000000005,67.31000000000006,66.27000000000005,66.41000000000005,6088
2026-04-23T19:00:00+00:00,66.41000000000005,66.49000000000005,65.98000000000006,66.13000000000005,5890
2026-04-23T19:30:00+00:00,66.13000000000005,66.37000000000006,65.47000000000006,66.27000000000005,6526
2026-04-24T13:30:00+00:00,66.27000000000005,84.70000000000006,66.27000000000005,81.13000000000005,18077
2026-04-24T14:00:00+00:00,81.13000000000005,82.97000000000006,80.91000000000005,81.74000000000005,12296
2026-04-24T14:30:00+00:00,81.74000000000005,82.19000000000005,80.73000000000006,82.17000000000006,9285.662406681007
2026-04-24T15:00:00+00:00,82.17000000000006,82.77000000000005,81.89000000000006,82.13000000000005,8995
2026-04-24T15:30:00+00:00,82.13000000000005,82.25000000000006,81.22000000000006,81.34000000000006,9029
2026-04-24T16:00:00+00:00,81.34000000000006,81.65000000000006,80.64000000000006,80.77000000000005,7221
2026-04-24T16:30:00+00:00,80.77000000000005,81.21000000000006,79.68000000000006,79.85000000000007,6609
2026-04-24T17:00:00+00:00,79.85000000000007,80.54000000000006,79.11000000000006,80.34000000000006,7402
2026-04-24T17:30:00+00:00,80.34000000000006,81.34000000000006,80.20000000000006,81.29000000000006,6894
2026-04-24T18:00:00+00:00,81.29000000000006,81.48000000000006,80.29000000000006,80.41000000000005,6278
2026-04-24T18:30:00+00:00,80.41000000000005,80.79000000000006,80.09000000000006,80.27000000000005,5470
2026-04-24T19:00:00+00:00,80.27000000000005,80.59000000000006,79.90000000000006,80.12000000000006,5822
2026-04-24T19:30:00+00:00,80.12000000000006,82.10000000000007,79.99000000000007,82.08000000000006,8319
2026-04-27T13:30:00+00:00,82.08000000000006,86.32000000000006,82.08000000000006,86.12000000000006,17345
2026-04-27T14:00:00+00:00,86.12000000000006,86.56000000000006,83.82000000000006,83.82000000000006,13293
2026-04-27T14:30:00+00:00,83.82000000000006,84.43000000000006,83.16000000000005,83.78000000000006,10119
2026-04-27T15:00:00+00:00,83.78000000000006,84.04000000000006,82.59000000000006,82.73000000000006,8530
2026-04-27T15:30:00+00:00,82.73000000000006,83.57000000000006,82.52000000000005,82.69000000000005,7319
2026-04-27T16:00:00+00:00,82.69000000000005,83.12000000000006,82.41000000000005,82.77000000000005,7169
2026-04-27T16:30:00+00:00,82.77000000000005,83.82000000000006,82.71000000000006,83.23000000000006,6465
2026-04-27T17:00:00+00:00,83.23000000000006,83.47000000000006,82.10000000000007,82.52000000000005,6089
2026-04-27T17:30:00+00:00,82.52000000000005,83.39000000000006,82.47000000000006,82.82000000000006,5108
2026-04-27T18:00:00+00:00,82.82000000000006,83.33000000000006,82.59000000000006,83.14000000000006,4962
2026-04-27T18:30:00+00:00,83.14000000000006,83.28000000000006,82.61000000000006,82.75000000000006,4838
2026-04-27T19:00:00+00:00,82.75000000000006,83.65000000000006,82.60000000000007,83.44000000000005,6147
2026-04-27T19:30:00+00:00,83.44000000000005,84.50000000000006,83.42000000000006,84.49000000000007,8668
2026-04-28T13:30:00+00:00,84.49000000000007,84.49000000000007,80.27000000000005,82.50000000000006,12288
2026-04-28T14:00:00+00:00,82.50000000000006,83.40000000000006,82.01000000000006,82.30000000000005,10751
2026-04-28T14:30:00+00:00,82.30000000000005,82.37000000000006,80.42000000000006,81.42000000000006,11066
2026-04-28T15:00:00+00:00,81.42000000000006,81.61000000000006,80.77000000000005,81.40000000000006,9329
2026-04-28T15:30:00+00:00,81.40000000000006,81.69000000000005,80.96000000000006,81.28000000000006,7813
2026-04-28T16:00:00+00:00,81.28000000000006,82.13000000000005,81.17000000000006,81.73000000000006,6400
2026-04-28T16:30:00+00:00,81.73000000000006,81.99000000000007,81.02000000000005,81.91000000000005,6424
2026-04-28T17:00:00+00:00,81.91000000000005,82.19000000000005,81.81000000000006,82.00000000000006,6249
2026-04-28T17:30:00+00:00,82.00000000000006,83.33000000000006,81.96000000000006,83.13000000000005,6201
2026-04-28T18:00:00+00:00,83.13000000000005,84.08000000000006,82.86000000000006,83.75000000000006,6662
2026-04-28T18:30:00+00:00,83.75000000000006,83.97000000000006,83.47000000000006,83.60000000000007,5190
2026-04-28T19:00:00+00:00,83.60000000000007,83.73000000000006,82.92000000000006,83.08000000000006,5627
2026-04-28T19:30:00+00:00,83.08000000000006,84.08000000000006,82.97000000000006,83.92000000000006,7636
2026-04-29T13:30:00+00:00,83.92000000000006,88.12000000000006,83.92000000000006,87.65000000000006,12335
2026-04-29T14:00:00+00:00,87.65000000000006,90.64000000000006,87.02000000000005,90.35000000000007,12031
2026-04-29T14:30:00+00:00,90.35000000000007,92.80000000000007,89.91000000000005,92.78000000000006,10251.241961514588
2026-04-29T15:00:00+00:00,92.78000000000006,92.99000000000007,91.49000000000007,92.64000000000006,11330
2026-04-29T15:30:00+00:00,92.64000000000006,93.58000000000006,92.20000000000006,92.45000000000006,10108
2026-04-29T16:00:00+00:00,92.45000000000006,92.69000000000005,91.50000000000006,91.63000000000005,7988
2026-04-29T16:30:00+00:00,91.63000000000005,93.20000000000006,91.36000000000006,92.72000000000006,8705
2026-04-29T17:00:00+00:00,92.72000000000006,93.19000000000005,92.38000000000005,92.57000000000006,6765
2026-04-29T17:30:00+00:00,92.57000000000006,93.12000000000006,92.30000000000005,92.99000000000007,5979
2026-04-29T18:00:00+00:00,92.99000000000007,93.33000000000006,92.42000000000006,92.96000000000006,7384
2026-04-29T18:30:00+00:00,92.96000000000006,93.87000000000006,92.61000000000006,93.28000000000006,8999
2026-04-29T19:00:00+00:00,93.28000000000006,93.72000000000006,92.79000000000006,93.31000000000006,8538
2026-04-29T19:30:00+00:00,93.31000000000006,94.45000000000006,93.14000000000006,94.27000000000005,9624
2026-04-30T13:30:00+00:00,94.27000000000005,95.02000000000005,91.22000000000006,91.91000000000005,14340
2026-04-30T14:00:00+00:00,91.91000000000005,93.08000000000006,91.48000000000006,92.08000000000006,10183
2026-04-30T14:30:00+00:00,92.08000000000006,92.71000000000006,90.99000000000007,92.10000000000007,8452
2026-04-30T15:00:00+00:00,92.10000000000007,94.11000000000006,92.04000000000006,93.86000000000006,8210
2026-04-30T15:30:00+00:00,93.86000000000006,94.39000000000006,92.50000000000006,92.78000000000006,6690
2026-04-30T16:00:00+00:00,92.78000000000006,93.34000000000006,92.68000000000006,93.06000000000006,6154
2026-04-30T16:30:00+00:00,93.06000000000006,93.14000000000006,92.61000000000006,93.07000000000006,6280
2026-04-30T17:00:00+00:00,93.07000000000006,93.72000000000006,93.04000000000006,93.43000000000006,5706
2026-04-30T17:30:00+00:00,93.43000000000006,94.58000000000006,93.40000000000006,94.42000000000006,5270
2026-04-30T18:00:00+00:00,94.42000000000006,94.65000000000006,93.21000000000006,94.05000000000005,5706
2026-04-30T18:30:00+00:00,94.05000000000005,94.26000000000006,92.12000000000006,92.16000000000005,5772
2026-04-30T19:00:00+00:00,92.16000000000005,92.54000000000006,91.69000000000005,91.91000000000005,6746
2026-04-30T19:30:00+00:00,91.91000000000005,94.12000000000006,91.83000000000006,94.01000000000006,8146
2026-05-01T13:30:00+00:00,94.01000000000006,97.81000000000006,92.09000000000006,97.80000000000005,11856
2026-05-01T14:00:00+00:00,97.80000000000005,99.30000000000005,97.35000000000007,98.81000000000006,10293
2026-05-01T14:30:00+00:00,98.81000000000006,99.87000000000006,97.31000000000006,98.76000000000006,9980.576599026937
2026-05-01T15:00:00+00:00,98.76000000000006,99.98000000000006,98.28000000000006,98.90000000000006,7506
2026-05-01T15:30:00+00:00,98.90000000000006,99.16000000000007,98.45000000000006,99.09000000000006,5985
2026-05-01T16:00:00+00:00,99.09000000000006,99.31000000000006,98.56000000000006,98.86000000000006,4937
2026-05-01T16:30:00+00:00,98.86000000000006,99.25000000000006,98.29000000000006,98.30000000000007,4658
2026-05-01T17:00:00+00:00,98.30000000000007,98.79000000000006,98.06000000000006,98.18000000000006,4038
2026-05-01T17:30:00+00:00,98.18000000000006,98.64000000000006,97.65000000000006,98.59000000000006,4233
2026-05-01T18:00:00+00:00,98.59000000000006,98.81000000000006,98.27000000000007,98.31000000000006,4289
2026-05-01T18:30:00+00:00,98.31000000000006,98.55000000000007,97.88000000000007,98.39000000000006,4019
2026-05-01T19:00:00+00:00,98.39000000000006,99.67000000000006,98.33000000000006,99.43000000000006,3978
2026-05-01T19:30:00+00:00,99.43000000000006,99.63000000000007,99.02000000000007,99.24000000000007,5452
2026-05-04T13:30:00+00:00,99.24000000000007,99.37000000000006,95.93000000000006,98.63000000000007,11526
2026-05-04T14:00:00+00:00,98.63000000000007,98.95000000000006,97.45000000000006,97.79000000000006,9028
2026-05-04T14:30:00+00:00,97.79000000000006,99.11000000000006,97.74000000000007,98.68000000000006,7574
2026-05-04T15:00:00+00:00,98.68000000000006,98.71000000000006,97.56000000000006,98.22000000000006,9013
2026-05-04T15:30:00+00:00,98.22000000000006,98.38000000000007,96.92000000000006,97.43000000000006,8905
2026-05-04T16:00:00+00:00,97.43000000000006,97.43000000000006,96.02000000000007,96.47000000000006,9693
2026-05-04T16:30:00+00:00,96.47000000000006,96.73000000000006,95.80000000000007,96.27000000000007,6899
2026-05-04T17:00:00+00:00,96.27000000000007,97.20000000000006,96.21000000000006,96.63000000000007,6285
2026-05-04T17:30:00+00:00,96.63000000000007,96.76000000000006,96.09000000000006,96.53000000000006,4873
2026-05-04T18:00:00+00:00,96.53000000000006,96.79000000000006,95.91000000000007,96.57000000000006,5470
2026-05-04T18:30:00+00:00,96.57000000000006,96.82000000000006,95.75000000000006,96.36000000000006,4954
2026-05-04T19:00:00+00:00,96.36000000000006,96.57000000000006,96.03000000000006,96.16000000000007,4685
2026-05-04T19:30:00+00:00,96.16000000000007,96.20000000000006,95.15000000000006,95.30000000000007,5889
2026-05-05T13:30:00+00:00,95.30000000000007,106.81000000000006,95.30000000000007,104.81000000000006,16113
2026-05-05T14:00:00+00:00,104.81000000000006,109.09000000000006,104.09000000000006,108.94000000000005,12526
2026-05-05T14:30:00+00:00,108.94000000000005,110.01000000000006,107.73000000000006,107.76000000000006,11408
2026-05-05T15:00:00+00:00,107.76000000000006,109.05000000000007,107.32000000000006,108.45000000000006,7443
2026-05-05T15:30:00+00:00,108.45000000000006,109.14000000000006,108.15000000000006,108.17000000000006,7065
2026-05-05T16:00:00+00:00,108.17000000000006,109.27000000000007,107.00000000000006,107.45000000000006,6727
2026-05-05T16:30:00+00:00,107.45000000000006,108.40000000000006,107.35000000000007,108.06000000000006,5541
2026-05-05T17:00:00+00:00,108.06000000000006,108.97000000000006,107.95000000000006,108.85000000000007,4748
2026-05-05T17:30:00+00:00,108.85000000000007,109.01000000000006,108.20000000000006,108.66000000000007,4269
2026-05-05T18:00:00+00:00,108.66000000000007,108.99000000000007,108.00000000000006,108.32000000000006,4562
2026-05-05T18:30:00+00:00,108.32000000000006,108.77000000000007,107.88000000000007,108.30000000000007,4085
2026-05-05T19:00:00+00:00,108.30000000000007,108.39000000000006,107.30000000000007,107.31000000000006,4874
2026-05-05T19:30:00+00:00,107.31000000000006,107.83000000000006,107.08000000000006,107.70000000000006,5940
2026-05-06T13:30:00+00:00,107.70000000000006,113.04000000000006,107.70000000000006,110.45000000000006,15779
2026-05-06T14:00:00+00:00,110.45000000000006,110.78000000000006,106.12000000000006,106.95000000000006,13966
2026-05-06T14:30:00+00:00,106.95000000000006,110.16000000000007,106.85000000000007,109.62000000000006,10711.629139072847
2026-05-06T15:00:00+00:00,109.62000000000006,111.49000000000007,109.33000000000007,110.65000000000006,8890
2026-05-06T15:30:00+00:00,110.65000000000006,110.83000000000007,110.02000000000007,110.33000000000007,7372
2026-05-06T16:00:00+00:00,110.33000000000007,111.36000000000007,110.23000000000006,110.79000000000006,7016
2026-05-06T16:30:00+00:00,110.79000000000006,111.62000000000006,110.13000000000007,110.41000000000007,5930
2026-05-06T17:00:00+00:00,110.41000000000007,110.99000000000007,110.08000000000007,110.64000000000007,4486
2026-05-06T17:30:00+00:00,110.64000000000007,111.10000000000007,110.24000000000007,110.45000000000006,4626
2026-05-06T18:00:00+00:00,110.45000000000006,110.76000000000006,110.11000000000007,110.49000000000007,4605
2026-05-06T18:30:00+00:00,110.49000000000007,112.10000000000007,110.33000000000007,111.76000000000006,5526
2026-05-06T19:00:00+00:00,111.76000000000006,112.51000000000006,111.26000000000006,112.28000000000007,5306
2026-05-06T19:30:00+00:00,112.28000000000007,112.63000000000007,111.64000000000007,112.45000000000006,6942
2026-05-07T13:30:00+00:00,112.45000000000006,113.43000000000006,108.83000000000007,111.59000000000006,11829
2026-05-07T14:00:00+00:00,111.59000000000006,114.05000000000007,111.53000000000007,113.41000000000007,10768
2026-05-07T14:30:00+00:00,113.41000000000007,113.70000000000006,111.97000000000007,112.56000000000006,8974
2026-05-07T15:00:00+00:00,112.56000000000006,112.68000000000006,111.40000000000006,112.16000000000007,8454
2026-05-07T15:30:00+00:00,112.16000000000007,112.48000000000006,110.29000000000006,110.52000000000007,8081
2026-05-07T16:00:00+00:00,110.52000000000007,111.03000000000007,109.74000000000007,110.67000000000006,10360
2026-05-07T16:30:00+00:00,110.67000000000006,111.30000000000007,110.07000000000006,110.38000000000007,7819
2026-05-07T17:00:00+00:00,110.38000000000007,110.44000000000007,109.03000000000007,109.56000000000006,9625
2026-05-07T17:30:00+00:00,109.56000000000006,110.86000000000007,109.50000000000007,110.51000000000006,8593
2026-05-07T18:00:00+00:00,110.51000000000006,110.64000000000007,108.71000000000006,108.94000000000007,7265
2026-05-07T18:30:00+00:00,108.94000000000007,109.54000000000006,108.70000000000006,109.09000000000006,8303
2026-05-07T19:00:00+00:00,109.09000000000006,109.62000000000006,108.67000000000006,108.76000000000006,7003
2026-05-07T19:30:00+00:00,108.76000000000006,110.38000000000007,108.76000000000006,109.13000000000007,7578
2026-05-08T13:30:00+00:00,109.13000000000007,114.92000000000006,109.13000000000007,114.43000000000006,11566
2026-05-08T14:00:00+00:00,114.43000000000006,117.24000000000007,114.42000000000006,115.74000000000007,10814
2026-05-08T14:30:00+00:00,115.74000000000007,116.32000000000008,115.04000000000006,116.30000000000007,8403.081614248676
2026-05-08T15:00:00+00:00,116.30000000000007,116.90000000000008,115.67000000000007,116.14000000000007,8384
2026-05-08T15:30:00+00:00,116.14000000000007,118.29000000000008,115.95000000000007,117.74000000000007,8083
2026-05-08T16:00:00+00:00,117.74000000000007,118.03000000000007,116.64000000000007,117.16000000000007,6687
2026-05-08T16:30:00+00:00,117.16000000000007,126.04000000000008,116.42000000000007,125.94000000000007,11329
2026-05-08T17:00:00+00:00,125.94000000000007,130.09000000000006,124.05000000000007,126.54000000000008,15814
2026-05-08T17:30:00+00:00,126.54000000000008,127.01000000000008,124.20000000000007,124.95000000000007,9998
2026-05-08T18:00:00+00:00,124.95000000000007,125.68000000000006,122.77000000000007,123.70000000000007,9088
2026-05-08T18:30:00+00:00,123.70000000000007,124.48000000000008,123.05000000000007,123.35000000000007,7583
2026-05-08T19:00:00+00:00,123.35000000000007,125.23000000000008,123.30000000000007,123.85000000000007,7970
2026-05-08T19:30:00+00:00,123.85000000000007,124.87000000000008,123.78000000000007,124.46000000000006,9496
2026-05-11T13:30:00+00:00,124.46000000000006,132.23000000000008,124.46000000000006,125.96000000000006,12110
2026-05-11T14:00:00+00:00,125.96000000000006,128.67000000000007,123.66000000000007,123.72000000000007,10494
2026-05-11T14:30:00+00:00,123.72000000000007,126.63000000000007,123.47000000000007,125.58000000000007,9403
2026-05-11T15:00:00+00:00,125.58000000000007,127.82000000000008,125.52000000000007,126.47000000000007,8366
2026-05-11T15:30:00+00:00,126.47000000000007,126.79000000000008,125.55000000000007,126.61000000000007,7055
2026-05-11T16:00:00+00:00,126.61000000000007,128.21000000000006,126.42000000000007,126.47000000000007,6764
2026-05-11T16:30:00+00:00,126.47000000000007,126.70000000000007,125.42000000000007,125.66000000000007,7625
2026-05-11T17:00:00+00:00,125.66000000000007,126.16000000000007,124.91000000000007,125.63000000000007,5584
2026-05-11T17:30:00+00:00,125.63000000000007,127.17000000000007,125.21000000000006,126.35000000000007,5030
2026-05-11T18:00:00+00:00,126.35000000000007,128.61000000000007,126.16000000000007,128.15000000000006,4908
2026-05-11T18:30:00+00:00,128.15000000000006,128.34000000000006,126.85000000000007,127.03000000000007,4966
2026-05-11T19:00:00+00:00,127.03000000000007,127.87000000000006,125.93000000000006,126.04000000000008,5502
2026-05-11T19:30:00+00:00,126.04000000000008,129.52000000000007,125.88000000000007,129.00000000000006,7322
2026-05-12T13:30:00+00:00,129.00000000000006,129.00000000000006,122.46000000000006,123.00000000000007,10125
2026-05-12T14:00:00+00:00,123.00000000000007,124.16000000000007,120.43000000000006,120.53000000000007,9464
2026-05-12T14:30:00+00:00,120.53000000000007,120.81000000000007,118.04000000000008,118.31000000000007,11393
2026-05-12T15:00:00+00:00,118.31000000000007,118.56000000000007,115.54000000000008,115.60000000000007,10599
2026-05-12T15:30:00+00:00,115.60000000000007,117.79000000000008,115.59000000000007,116.18000000000006,7522
2026-05-12T16:00:00+00:00,116.18000000000006,117.96000000000006,116.04000000000008,116.60000000000007,6158
2026-05-12T16:30:00+00:00,116.60000000000007,116.95000000000007,114.54000000000008,114.77000000000007,6234
2026-05-12T17:00:00+00:00,114.77000000000007,117.27000000000007,114.77000000000007,116.64000000000007,5899
2026-05-12T17:30:00+00:00,116.64000000000007,117.16000000000007,115.80000000000007,116.77000000000007,4555
2026-05-12T18:00:00+00:00,116.77000000000007,118.53000000000007,116.75000000000007,118.11000000000007,4609
2026-05-12T18:30:00+00:00,118.11000000000007,118.46000000000006,116.47000000000007,116.72000000000007,4849
2026-05-12T19:00:00+00:00,116.72000000000007,118.83000000000007,116.67000000000007,117.97000000000007,4499
2026-05-12T19:30:00+00:00,117.97000000000007,120.29000000000008,117.97000000000007,120.18000000000006,6076
2026-05-13T13:30:00+00:00,120.18000000000006,124.48000000000008,116.80000000000007,117.98000000000008,10342
2026-05-13T14:00:00+00:00,117.98000000000008,118.68000000000006,115.96000000000006,118.28000000000007,8975
2026-05-13T14:30:00+00:00,118.28000000000007,121.22000000000007,118.20000000000007,121.22000000000007,7701.090238764045
2026-05-13T15:00:00+00:00,121.22000000000007,122.33000000000007,120.51000000000008,120.81000000000007,5909
2026-05-13T15:30:00+00:00,120.81000000000007,120.98000000000008,119.12000000000008,119.22000000000007,4964
2026-05-13T16:00:00+00:00,119.22000000000007,121.05000000000007,119.11000000000007,120.99000000000007,4630
2026-05-13T16:30:00+00:00,120.99000000000007,121.17000000000007,120.54000000000008,120.76000000000008,3330
2026-05-13T17:00:00+00:00,120.76000000000008,121.81000000000007,120.76000000000008,121.76000000000008,3148
2026-05-13T17:30:00+00:00,121.76000000000008,122.09000000000007,120.95000000000007,120.98000000000008,3022
2026-05-13T18:00:00+00:00,120.98000000000008,121.94000000000007,120.84000000000007,121.56000000000007,3586
2026-05-13T18:30:00+00:00,121.56000000000007,121.66000000000007,120.08000000000007,120.13000000000007,3529
2026-05-13T19:00:00+00:00,120.13000000000007,120.87000000000008,119.88000000000007,120.18000000000006,3551
2026-05-13T19:30:00+00:00,120.18000000000006,120.40000000000008,119.34000000000007,119.72000000000007,4866
2026-05-14T13:30:00+00:00,119.72000000000007,119.72000000000007,112.70000000000007,115.31000000000007,9856
2026-05-14T14:00:00+00:00,115.31000000000007,116.23000000000008,114.05000000000007,114.40000000000008,8269
2026-05-14T14:30:00+00:00,114.40000000000008,116.96000000000006,114.05000000000007,115.90000000000008,6878
2026-05-14T15:00:00+00:00,115.90000000000008,116.91000000000007,115.56000000000007,115.71000000000006,5846
2026-05-14T15:30:00+00:00,115.71000000000006,116.01000000000008,114.90000000000008,114.90000000000008,5613
2026-05-14T16:00:00+00:00,114.90000000000008,116.51000000000008,114.82000000000006,115.81000000000007,4884
2026-05-14T16:30:00+00:00,115.81000000000007,117.25000000000007,115.77000000000007,116.30000000000007,4796
2026-05-14T17:00:00+00:00,116.30000000000007,116.75000000000007,114.20000000000007,114.47000000000007,6767
2026-05-14T17:30:00+00:00,114.47000000000007,115.85000000000007,114.36000000000007,115.62000000000008,5180
2026-05-14T18:00:00+00:00,115.62000000000008,117.32000000000006,114.31000000000007,115.87000000000008,5523
2026-05-14T18:30:00+00:00,115.87000000000008,116.46000000000006,115.15000000000008,116.12000000000008,3932
2026-05-14T19:00:00+00:00,116.12000000000008,116.30000000000007,115.07000000000006,115.15000000000008,4189
2026-05-14T19:30:00+00:00,115.15000000000008,115.92000000000007,115.06000000000007,115.43000000000006,5844
2026-05-15T13:30:00+00:00,115.43000000000006,115.43000000000006,106.42000000000007,106.51000000000008,14476
2026-05-15T14:00:00+00:00,106.51000000000008,110.11000000000007,106.30000000000007,108.67000000000007,12188
2026-05-15T14:30:00+00:00,108.67000000000007,109.36000000000007,107.06000000000006,107.19000000000007,9272.078615982111
2026-05-15T15:00:00+00:00,107.19000000000007,108.47000000000007,107.12000000000008,108.15000000000008,8022
2026-05-15T15:30:00+00:00,108.15000000000008,108.98000000000008,107.51000000000008,108.19000000000007,7997
2026-05-15T16:00:00+00:00,108.19000000000007,108.71000000000008,107.49000000000008,107.66000000000007,6575
2026-05-15T16:30:00+00:00,107.66000000000007,107.96000000000008,107.20000000000007,107.39000000000007,5588
2026-05-15T17:00:00+00:00,107.39000000000007,108.75000000000007,107.19000000000007,108.62000000000008,4843
2026-05-15T17:30:00+00:00,108.62000000000008,109.44000000000007,108.62000000000008,109.26000000000008,5273
2026-05-15T18:00:00+00:00,109.26000000000008,109.95000000000007,108.78000000000007,109.05000000000007,5705
2026-05-15T18:30:00+00:00,109.05000000000007,109.48000000000008,108.56000000000007,109.26000000000008,5543
2026-05-15T19:00:00+00:00,109.26000000000008,109.33000000000007,107.96000000000008,108.07000000000008,5381
2026-05-15T19:30:00+00:00,108.07000000000008,108.82000000000008,107.90000000000008,108.15000000000008,7602
2026-05-18T13:30:00+00:00,108.15000000000008,114.99000000000008,107.76000000000008,109.09000000000007,13392
2026-05-18T14:00:00+00:00,109.09000000000007,109.36000000000007,106.73000000000008,106.91000000000007,10894
2026-05-18T14:30:00+00:00,106.91000000000007,107.56000000000007,105.70000000000007,107.21000000000008,11629
2026-05-18T15:00:00+00:00,107.21000000000008,108.35000000000008,106.09000000000007,106.20000000000007,9436
2026-05-18T15:30:00+00:00,106.20000000000007,107.24000000000008,106.06000000000007,106.40000000000008,8537
2026-05-18T16:00:00+00:00,106.40000000000008,106.48000000000008,103.34000000000007,104.26000000000008,9384
2026-05-18T16:30:00+00:00,104.26000000000008,106.22000000000007,104.02000000000007,106.00000000000007,8545
2026-05-18T17:00:00+00:00,106.00000000000007,106.46000000000008,105.52000000000007,106.32000000000008,7252
2026-05-18T17:30:00+00:00,106.32000000000008,106.68000000000008,105.70000000000007,106.20000000000007,6789
2026-05-18T18:00:00+00:00,106.20000000000007,106.47000000000007,105.00000000000007,105.52000000000007,8370
2026-05-18T18:30:00+00:00,105.52000000000007,106.22000000000007,105.08000000000007,106.09000000000007,7760
2026-05-18T19:00:00+00:00,106.09000000000007,107.71000000000008,105.84000000000007,105.94000000000007,10047
2026-05-18T19:30:00+00:00,105.94000000000007,107.99000000000008,105.79000000000008,107.55000000000007,9735
2026-05-19T13:30:00+00:00,107.55000000000007,108.90000000000008,105.05000000000007,106.42000000000007,11062
2026-05-19T14:00:00+00:00,106.42000000000007,106.72000000000007,101.89000000000007,102.83000000000007,11267
2026-05-19T14:30:00+00:00,102.83000000000007,104.34000000000007,102.49000000000008,104.24000000000008,10024
2026-05-19T15:00:00+00:00,104.24000000000008,105.78000000000007,103.52000000000007,104.99000000000008,9304
2026-05-19T15:30:00+00:00,104.99000000000008,106.70000000000007,104.89000000000007,106.47000000000007,8713
2026-05-19T16:00:00+00:00,106.47000000000007,108.32000000000008,106.45000000000007,108.26000000000008,8383
2026-05-19T16:30:00+00:00,108.26000000000008,110.29000000000008,108.20000000000007,109.61000000000007,8684
2026-05-19T17:00:00+00:00,109.61000000000007,111.76000000000008,109.39000000000007,111.16000000000007,8116
2026-05-19T17:30:00+00:00,111.16000000000007,111.77000000000007,110.24000000000008,111.23000000000008,8360
2026-05-19T18:00:00+00:00,111.23000000000008,112.12000000000008,110.74000000000008,111.31000000000007,7449
2026-05-19T18:30:00+00:00,111.31000000000007,111.67000000000007,110.10000000000008,110.54000000000008,7433
2026-05-19T19:00:00+00:00,110.54000000000008,112.54000000000008,110.47000000000007,111.22000000000007,8137
2026-05-19T19:30:00+00:00,111.22000000000007,111.80000000000007,109.36000000000007,110.38000000000007,10376
2026-05-20T13:30:00+00:00,110.38000000000007,119.58000000000007,110.38000000000007,118.14000000000007,14131
2026-05-20T14:00:00+00:00,118.14000000000007,121.41000000000007,117.96000000000008,119.49000000000008,13612
2026-05-20T14:30:00+00:00,119.49000000000008,119.85000000000008,116.19000000000008,116.23000000000008,10455.498993750662
2026-05-20T15:00:00+00:00,116.23000000000008,117.40000000000006,115.96000000000006,116.63000000000007,9953
2026-05-20T15:30:00+00:00,116.63000000000007,118.04000000000006,116.58000000000007,117.45000000000007,7810
2026-05-20T16:00:00+00:00,117.45000000000007,117.52000000000007,114.31000000000007,115.14000000000007,8491
2026-05-20T16:30:00+00:00,115.14000000000007,116.09000000000007,115.09000000000007,115.77000000000007,8125
2026-05-20T17:00:00+00:00,115.77000000000007,116.68000000000006,115.49000000000007,116.65000000000006,7048
2026-05-20T17:30:00+00:00,116.65000000000006,117.49000000000007,116.25000000000007,117.36000000000007,6876
2026-05-20T18:00:00+00:00,117.36000000000007,117.83000000000007,117.10000000000007,117.53000000000007,6875
2026-05-20T18:30:00+00:00,117.53000000000007,118.00000000000007,117.27000000000007,117.40000000000006,6275
2026-05-20T19:00:00+00:00,117.40000000000006,118.45000000000007,117.39000000000007,117.91000000000007,5753
2026-05-20T19:30:00+00:00,117.91000000000007,118.61000000000007,117.74000000000007,118.55000000000007,7746
2026-05-21T13:30:00+00:00,118.55000000000007,118.55000000000007,113.16000000000007,116.46000000000006,10191
2026-05-21T14:00:00+00:00,116.46000000000006,116.98000000000008,112.67000000000007,113.57000000000006,9782
2026-05-21T14:30:00+00:00,113.57000000000006,115.17000000000007,113.57000000000006,114.88000000000007,7713
2026-05-21T15:00:00+00:00,114.88000000000007,116.24000000000007,114.57000000000006,115.86000000000007,6876
2026-05-21T15:30:00+00:00,115.86000000000007,116.56000000000007,115.22000000000007,116.33000000000007,6413
2026-05-21T16:00:00+00:00,116.33000000000007,117.52000000000007,116.07000000000006,116.14000000000007,6000
2026-05-21T16:30:00+00:00,116.14000000000007,117.10000000000007,116.01000000000008,116.41000000000007,5132
2026-05-21T17:00:00+00:00,116.41000000000007,117.92000000000007,116.41000000000007,117.35000000000007,6495
2026-05-21T17:30:00+00:00,117.35000000000007,118.92000000000007,117.33000000000007,118.09000000000007,6034
2026-05-21T18:00:00+00:00,118.09000000000007,118.58000000000007,117.84000000000007,118.32000000000006,5637
2026-05-21T18:30:00+00:00,118.32000000000006,118.50000000000007,116.71000000000006,117.03000000000007,6047
2026-05-21T19:00:00+00:00,117.03000000000007,117.75000000000007,117.02000000000007,117.67000000000007,5362
2026-05-21T19:30:00+00:00,117.67000000000007,118.22000000000007,117.23000000000008,118.04000000000006,7293
2026-05-22T13:30:00+00:00,118.04000000000006,120.75000000000007,117.58000000000007,119.71000000000006,9108
2026-05-22T14:00:00+00:00,119.71000000000006,121.94000000000007,118.20000000000007,121.23000000000008,8831
2026-05-22T14:30:00+00:00,121.23000000000008,122.26000000000008,120.78000000000007,121.19000000000007,8670.55309218203
2026-05-22T15:00:00+00:00,121.19000000000007,121.82000000000006,120.34000000000007,120.67000000000007,6856
2026-05-22T15:30:00+00:00,120.67000000000007,121.10000000000007,120.14000000000007,120.46000000000006,5502
2026-05-22T16:00:00+00:00,120.46000000000006,120.87000000000008,119.99000000000007,120.37000000000008,4981
2026-05-22T16:30:00+00:00,120.37000000000008,120.52000000000007,119.65000000000008,120.39000000000007,5115
2026-05-22T17:00:00+00:00,120.39000000000007,121.16000000000007,120.38000000000007,120.72000000000007,6002
2026-05-22T17:30:00+00:00,120.72000000000007,121.02000000000007,120.24000000000007,120.68000000000006,5935
2026-05-22T18:00:00+00:00,120.68000000000006,121.06000000000007,120.15000000000008,120.19000000000007,5146
2026-05-22T18:30:00+00:00,120.19000000000007,120.35000000000007,119.74000000000007,119.91000000000007,4814
2026-05-22T19:00:00+00:00,119.91000000000007,120.00000000000007,119.10000000000007,119.19000000000007,7285
2026-05-22T19:30:00+00:00,119.19000000000007,119.47000000000007,118.74000000000007,119.30000000000007,7569
2026-05-26T13:30:00+00:00,119.30000000000007,125.14000000000007,116.89000000000007,124.36000000000007,12026
2026-05-26T14:00:00+00:00,124.36000000000007,124.68000000000006,120.43000000000006,120.89000000000007,9492
2026-05-26T14:30:00+00:00,120.89000000000007,123.51000000000008,120.89000000000007,122.57000000000006,7838
2026-05-26T15:00:00+00:00,122.57000000000006,123.42000000000007,121.77000000000007,122.26000000000008,7785
2026-05-26T15:30:00+00:00,122.26000000000008,122.72000000000007,120.42000000000007,120.70000000000007,8886
2026-05-26T16:00:00+00:00,120.70000000000007,121.54000000000008,120.44000000000007,121.24000000000007,5764
2026-05-26T16:30:00+00:00,121.24000000000007,121.41000000000007,120.09000000000007,120.51000000000008,5151
2026-05-26T17:00:00+00:00,120.51000000000008,121.09000000000007,119.88000000000007,120.89000000000007,4813
2026-05-26T17:30:00+00:00,120.89000000000007,122.14000000000007,120.69000000000007,121.83000000000007,4818
2026-05-26T18:00:00+00:00,121.83000000000007,122.24000000000007,121.47000000000007,121.99000000000007,4438
2026-05-26T18:30:00+00:00,121.99000000000007,122.24000000000007,121.60000000000007,121.79000000000008,4195
2026-05-26T19:00:00+00:00,121.79000000000008,122.91000000000007,121.34000000000007,122.71000000000006,4806
2026-05-26T19:30:00+00:00,122.71000000000006,123.83000000000007,122.37000000000008,123.07000000000006,6511
2026-05-27T13:30:00+00:00,123.07000000000006,124.77000000000007,116.61000000000007,119.52000000000007,11991
2026-05-27T14:00:00+00:00,119.52000000000007,120.13000000000007,116.95000000000007,117.32000000000006,8686
2026-05-27T14:30:00+00:00,117.32000000000006,119.94000000000007,116.84000000000007,117.90000000000008,7440.199658703072
2026-05-27T15:00:00+00:00,117.90000000000008,118.59000000000007,117.35000000000008,118.32000000000008,7689
2026-05-27T15:30:00+00:00,118.32000000000008,118.59000000000007,117.26000000000008,118.16000000000008,7516
2026-05-27T16:00:00+00:00,118.16000000000008,119.14000000000009,117.95000000000007,118.38000000000008,6827
2026-05-27T16:30:00+00:00,118.38000000000008,119.70000000000007,118.14000000000009,118.78000000000009,5502
2026-05-27T17:00:00+00:00,118.78000000000009,118.98000000000008,117.77000000000008,118.80000000000008,5732
2026-05-27T17:30:00+00:00,118.80000000000008,119.17000000000009,118.46000000000008,118.84000000000007,4849
2026-05-27T18:00:00+00:00,118.84000000000007,119.72000000000008,118.58000000000008,119.72000000000008,4298
2026-05-27T18:30:00+00:00,119.72000000000008,120.16000000000008,119.53000000000009,119.76000000000008,4606
2026-05-27T19:00:00+00:00,119.76000000000008,120.04000000000008,119.35000000000008,119.86000000000008,4473
2026-05-27T19:30:00+00:00,119.86000000000008,121.40000000000008,119.84000000000007,121.37000000000008,5715
2026-05-28T13:30:00+00:00,121.37000000000008,122.59000000000007,116.98000000000008,117.34000000000007,8942
2026-05-28T14:00:00+00:00,117.34000000000007,118.34000000000007,115.87000000000008,117.01000000000008,9870
2026-05-28T14:30:00+00:00,117.01000000000008,119.38000000000008,116.60000000000008,119.21000000000008,7308
2026-05-28T15:00:00+00:00,119.21000000000008,121.55000000000008,119.06000000000009,121.16000000000008,7212
2026-05-28T15:30:00+00:00,121.16000000000008,121.70000000000007,120.07000000000008,120.23000000000008,6134
2026-05-28T16:00:00+00:00,120.23000000000008,120.59000000000007,119.72000000000008,120.19000000000008,4919
2026-05-28T16:30:00+00:00,120.19000000000008,120.99000000000008,119.81000000000009,120.77000000000008,4628
2026-05-28T17:00:00+00:00,120.77000000000008,121.49000000000008,120.21000000000008,120.30000000000008,4510
2026-05-28T17:30:00+00:00,120.30000000000008,120.50000000000009,119.71000000000008,119.90000000000008,4004
2026-05-28T18:00:00+00:00,119.90000000000008,120.63000000000008,119.66000000000008,120.23000000000008,4138
2026-05-28T18:30:00+00:00,120.23000000000008,121.40000000000008,119.99000000000008,121.00000000000009,4408
2026-05-28T19:00:00+00:00,121.00000000000009,121.00000000000009,119.62000000000008,120.30000000000008,4366
2026-05-28T19:30:00+00:00,120.30000000000008,120.79000000000008,120.00000000000009,120.36000000000008,5902
2026-05-29T13:30:00+00:00,120.36000000000008,126.15000000000008,120.22000000000008,121.51000000000008,8873
2026-05-29T14:00:00+00:00,121.51000000000008,122.11000000000008,119.25000000000009,119.73000000000008,7915
2026-05-29T14:30:00+00:00,119.73000000000008,120.10000000000008,117.22000000000008,118.81000000000007,9058.809955958895
2026-05-29T15:00:00+00:00,118.81000000000007,118.91000000000008,117.32000000000008,118.45000000000007,5490
2026-05-29T15:30:00+00:00,118.45000000000007,118.71000000000008,117.16000000000008,117.30000000000008,4750
2026-05-29T16:00:00+00:00,117.30000000000008,118.31000000000007,117.30000000000008,118.15000000000008,3750
2026-05-29T16:30:00+00:00,118.15000000000008,118.48000000000008,117.63000000000008,117.97000000000008,3761
2026-05-29T17:00:00+00:00,117.97000000000008,118.22000000000008,117.39000000000007,117.62000000000008,3394
2026-05-29T17:30:00+00:00,117.62000000000008,117.64000000000007,116.30000000000008,116.49000000000008,3757
2026-05-29T18:00:00+00:00,116.49000000000008,117.36000000000007,116.46000000000008,117.27000000000008,3568
2026-05-29T18:30:00+00:00,117.27000000000008,117.72000000000008,117.27000000000008,117.49000000000008,3717
2026-05-29T19:00:00+00:00,117.49000000000008,118.10000000000008,117.39000000000007,118.06000000000007,3226
2026-05-29T19:30:00+00:00,118.06000000000007,119.05000000000008,113.03000000000007,114.15000000000008,6558
2026-06-01T13:30:00+00:00,114.15000000000008,114.15000000000008,105.79000000000008,106.37000000000008,14000
2026-06-01T14:00:00+00:00,106.37000000000008,109.51000000000008,106.20000000000007,109.23000000000008,10893
2026-06-01T14:30:00+00:00,109.23000000000008,110.93000000000008,109.09000000000007,110.51000000000008,8340
2026-06-01T15:00:00+00:00,110.51000000000008,112.23000000000008,109.77000000000008,112.17000000000007,7556
2026-06-01T15:30:00+00:00,112.17000000000007,112.76000000000008,110.44000000000008,110.44000000000008,6942
2026-06-01T16:00:00+00:00,110.44000000000008,110.76000000000008,109.58000000000008,109.71000000000008,5898
2026-06-01T16:30:00+00:00,109.71000000000008,110.92000000000007,109.58000000000008,110.75000000000007,5387
2026-06-01T17:00:00+00:00,110.75000000000007,110.79000000000008,109.64000000000007,110.10000000000008,4981
2026-06-01T17:30:00+00:00,110.10000000000008,110.97000000000008,109.52000000000008,109.96000000000008,5556
2026-06-01T18:00:00+00:00,109.96000000000008,110.11000000000007,108.75000000000007,109.38000000000008,5584
2026-06-01T18:30:00+00:00,109.38000000000008,109.79000000000008,108.88000000000008,108.94000000000008,4099
2026-06-01T19:00:00+00:00,108.94000000000008,109.01000000000008,107.19000000000008,107.38000000000008,5743
2026-06-01T19:30:00+00:00,107.38000000000008,108.93000000000008,107.09000000000007,108.73000000000008,6974
2026-06-02T13:30:00+00:00,108.73000000000008,108.73000000000008,103.66000000000008,106.52000000000008,11560
2026-06-02T14:00:00+00:00,106.52000000000008,107.30000000000008,104.95000000000007,105.42000000000007,8382
2026-06-02T14:30:00+00:00,105.42000000000007,108.40000000000008,105.31000000000007,108.09000000000007,7316
2026-06-02T15:00:00+00:00,108.09000000000007,108.31000000000007,107.23000000000008,108.20000000000007,5684
2026-06-02T15:30:00+00:00,108.20000000000007,108.47000000000008,106.87000000000008,107.79000000000008,5101
2026-06-02T16:00:00+00:00,107.79000000000008,107.89000000000007,106.97000000000008,107.14000000000007,4700
2026-06-02T16:30:00+00:00,107.14000000000007,107.72000000000008,106.85000000000008,107.05000000000008,4054
2026-06-02T17:00:00+00:00,107.05000000000008,107.26000000000008,105.99000000000008,106.28000000000007,4139
2026-06-02T17:30:00+00:00,106.28000000000007,106.37000000000008,105.76000000000008,106.28000000000007,3523
2026-06-02T18:00:00+00:00,106.28000000000007,107.19000000000008,106.05000000000008,107.14000000000007,3327
2026-06-02T18:30:00+00:00,107.14000000000007,107.23000000000008,106.29000000000008,106.59000000000007,3153
2026-06-02T19:00:00+00:00,106.59000000000007,107.19000000000008,106.58000000000008,106.68000000000008,3186
2026-06-02T19:30:00+00:00,106.68000000000008,107.45000000000007,106.33000000000008,107.37000000000008,4893
2026-06-03T13:30:00+00:00,107.37000000000008,117.71000000000008,107.37000000000008,113.19000000000008,13163
2026-06-03T14:00:00+00:00,113.19000000000008,114.64000000000007,112.91000000000008,113.86000000000007,9249
2026-06-03T14:30:00+00:00,113.86000000000007,113.96000000000008,110.99000000000008,111.21000000000008,7952.5504547423125
2026-06-03T15:00:00+00:00,111.21000000000008,112.62000000000008,111.09000000000007,112.22000000000008,7370
2026-06-03T15:30:00+00:00,112.22000000000008,112.96000000000008,111.47000000000008,111.72000000000008,6512
2026-06-03T16:00:00+00:00,111.72000000000008,111.92000000000007,110.33000000000008,110.77000000000008,5998
2026-06-03T16:30:00+00:00,110.77000000000008,111.78000000000007,110.73000000000008,111.72000000000008,5050
2026-06-03T17:00:00+00:00,111.72000000000008,111.76000000000008,110.58000000000008,111.20000000000007,4502
2026-06-03T17:30:00+00:00,111.20000000000007,111.91000000000008,110.67000000000007,111.81000000000007,4265
2026-06-03T18:00:00+00:00,111.81000000000007,112.45000000000007,111.36000000000007,112.36000000000007,4374
2026-06-03T18:30:00+00:00,112.36000000000007,112.42000000000007,111.44000000000008,111.70000000000007,4352
2026-06-03T19:00:00+00:00,111.70000000000007,112.40000000000008,110.79000000000008,111.23000000000008,4360
2026-06-03T19:30:00+00:00,111.23000000000008,112.34000000000007,111.16000000000008,112.10000000000008,6835
2026-06-04T13:30:00+00:00,112.10000000000008,112.10000000000008,107.34000000000007,107.76000000000008,10002
2026-06-04T14:00:00+00:00,107.76000000000008,109.71000000000008,106.94000000000008,109.68000000000008,11566
2026-06-04T14:30:00+00:00,109.68000000000008,109.81000000000007,108.47000000000008,109.37000000000008,8247
2026-06-04T15:00:00+00:00,109.37000000000008,109.97000000000008,109.19000000000008,109.33000000000008,8293
2026-06-04T15:30:00+00:00,109.33000000000008,110.19000000000008,108.71000000000008,109.96000000000008,6964
2026-06-04T16:00:00+00:00,109.96000000000008,110.72000000000008,109.68000000000008,110.66000000000008,5341
2026-06-04T16:30:00+00:00,110.66000000000008,110.68000000000008,110.10000000000008,110.29000000000008,5147
2026-06-04T17:00:00+00:00,110.29000000000008,111.24000000000008,109.95000000000007,110.90000000000008,4670
2026-06-04T17:30:00+00:00,110.90000000000008,111.55000000000008,110.72000000000008,111.46000000000008,4259
2026-06-04T18:00:00+00:00,111.46000000000008,112.59000000000007,111.28000000000007,111.88000000000008,4966
2026-06-04T18:30:00+00:00,111.88000000000008,112.06000000000007,111.17000000000007,111.53000000000007,4645
2026-06-04T19:00:00+00:00,111.53000000000007,112.12000000000008,110.88000000000008,111.91000000000008,4814
2026-06-04T19:30:00+00:00,111.91000000000008,112.15000000000008,110.60000000000008,111.14000000000007,7840
2026-06-05T13:30:00+00:00,111.14000000000007,111.14000000000007,103.19000000000008,103.24000000000008,13425.15985095482
2026-06-05T14:00:00+00:00,103.24000000000008,105.0900000000001,103.2100000000001,103.67000000000007,10847.087835972503
2026-06-05T14:30:00+00:00,103.67000000000007,106.6000000000001,103.53000000000007,106.17000000000007,8282.705365005999
2026-06-05T15:00:00+00:00,106.17000000000007,106.17000000000007,104.06000000000009,104.20000000000009,7814.75111795169
2026-06-05T15:30:00+00:00,104.20000000000009,104.37000000000009,103.14000000000009,103.90000000000008,9463
2026-06-05T16:00:00+00:00,103.90000000000008,103.93000000000008,102.76000000000009,102.96000000000008,9693
2026-06-05T16:30:00+00:00,102.96000000000008,103.43000000000008,101.83000000000008,103.11000000000008,12006
2026-06-05T17:00:00+00:00,103.11000000000008,103.12000000000009,101.81000000000009,102.71000000000008,9942
2026-06-05T17:30:00+00:00,102.71000000000008,103.16000000000008,101.92000000000009,103.02000000000008,7939
2026-06-05T18:00:00+00:00,103.02000000000008,103.15000000000008,101.26000000000009,101.62000000000009,9210
2026-06-05T18:30:00+00:00,101.62000000000009,101.70000000000009,99.70000000000009,101.15000000000008,10894
2026-06-05T19:00:00+00:00,101.15000000000008,101.24000000000008,99.66000000000008,100.92000000000009,11235
2026-06-05T19:30:00+00:00,100.92000000000009,101.10000000000008,98.66000000000008,99.23000000000009,11453
2026-06-08T13:30:00+00:00,99.23000000000009,111.15000000000008,99.23000000000009,107.11000000000008,14571
2026-06-08T14:00:00+00:00,107.11000000000008,110.25000000000009,106.88000000000008,109.96000000000008,13441
2026-06-08T14:30:00+00:00,109.96000000000008,111.36000000000008,109.72000000000008,111.10000000000008,10635
2026-06-08T15:00:00+00:00,111.10000000000008,112.63000000000008,111.07000000000008,111.48000000000009,9734
2026-06-08T15:30:00+00:00,111.48000000000009,112.36000000000008,110.95000000000009,111.62000000000009,9871
2026-06-08T16:00:00+00:00,111.62000000000009,112.51000000000009,111.51000000000009,111.62000000000009,7778
2026-06-08T16:30:00+00:00,111.62000000000009,111.88000000000008,110.93000000000008,111.10000000000008,7440
2026-06-08T17:00:00+00:00,111.10000000000008,111.20000000000009,110.11000000000008,111.12000000000009,8189
2026-06-08T17:30:00+00:00,111.12000000000009,111.96000000000008,110.58000000000008,111.72000000000008,7751
2026-06-08T18:00:00+00:00,111.72000000000008,112.76000000000009,111.72000000000008,112.50000000000009,6161
2026-06-08T18:30:00+00:00,112.50000000000009,112.81000000000009,112.06000000000009,112.18000000000008,5569
2026-06-08T19:00:00+00:00,112.18000000000008,112.27000000000008,110.22000000000008,110.79000000000008,8300
2026-06-08T19:30:00+00:00,110.79000000000008,111.24000000000008,109.41000000000008,110.50000000000009,9363
2026-06-09T13:30:00+00:00,110.50000000000009,114.24000000000008,110.50000000000009,111.98000000000009,14591
2026-06-09T14:00:00+00:00,111.98000000000009,112.66000000000008,109.18000000000008,109.67000000000009,17869
2026-06-09T14:30:00+00:00,109.67000000000009,110.29000000000008,107.66000000000008,108.75000000000009,18956
2026-06-09T15:00:00+00:00,108.75000000000009,109.82000000000008,105.87000000000009,105.90000000000008,8527
2026-06-09T15:30:00+00:00,105.90000000000008,106.90000000000008,103.73000000000009,104.00000000000009,14666
2026-06-09T16:00:00+00:00,104.00000000000009,104.52000000000008,100.95000000000009,102.07000000000008,9752
2026-06-09T16:30:00+00:00,102.07000000000008,102.32000000000008,99.71000000000008,101.51000000000009,18351
2026-06-09T17:00:00+00:00,101.51000000000009,104.92000000000009,101.36000000000008,104.50000000000009,19251
2026-06-09T17:30:00+00:00,104.50000000000009,105.80000000000008,103.90000000000008,105.05000000000008,16999
2026-06-09T18:00:00+00:00,105.05000000000008,106.26000000000009,104.34000000000009,106.21000000000008,14687
2026-06-09T18:30:00+00:00,106.21000000000008,107.41000000000008,105.96000000000008,107.25000000000009,14277
2026-06-09T19:00:00+00:00,107.25000000000009,108.03000000000009,105.08000000000008,106.52000000000008,16967
2026-06-09T19:30:00+00:00,106.52000000000008,108.32000000000008,105.65000000000008,108.25000000000009,16691
2026-06-10T13:30:00+00:00,108.25000000000009,111.74000000000008,105.98000000000009,108.15000000000008,15113
2026-06-10T14:00:00+00:00,108.15000000000008,110.00000000000009,107.56000000000009,109.24000000000008,13870
2026-06-10T14:30:00+00:00,109.24000000000008,111.23000000000009,107.42000000000009,107.98000000000008,14343.016145537236
2026-06-10T15:00:00+00:00,107.98000000000008,108.62000000000008,105.61000000000007,106.93000000000006,15635
2026-06-10T15:30:00+00:00,106.93000000000006,107.82000000000006,105.56000000000007,107.63000000000007,15729
2026-06-10T16:00:00+00:00,107.63000000000007,107.97000000000007,105.81000000000007,106.10000000000007,13248
2026-06-10T16:30:00+00:00,106.10000000000007,107.14000000000007,105.53000000000007,105.80000000000007,13081
2026-06-10T17:00:00+00:00,105.80000000000007,106.36000000000007,105.16000000000007,105.80000000000007,11437
2026-06-10T17:30:00+00:00,105.80000000000007,107.29000000000006,105.35000000000007,107.14000000000007,12354
2026-06-10T18:00:00+00:00,107.14000000000007,107.63000000000007,106.26000000000008,106.43000000000006,10340
2026-06-10T18:30:00+00:00,106.43000000000006,107.44000000000007,106.02000000000007,107.17000000000007,10088
2026-06-10T19:00:00+00:00,107.17000000000007,108.14000000000007,106.21000000000006,106.87000000000008,11300
2026-06-10T19:30:00+00:00,106.87000000000008,108.17000000000007,106.73000000000008,107.34000000000007,12354
2026-06-11T13:30:00+00:00,107.34000000000007,118.72000000000007,107.34000000000007,117.50000000000007,22021
2026-06-11T14:00:00+00:00,117.50000000000007,119.68000000000006,114.50000000000007,115.35000000000007,20772
2026-06-11T14:30:00+00:00,115.35000000000007,115.98000000000008,112.39000000000007,112.59000000000007,17148
2026-06-11T15:00:00+00:00,112.59000000000007,113.80000000000007,111.86000000000007,112.26000000000008,16645
2026-06-11T15:30:00+00:00,112.26000000000008,113.78000000000007,112.24000000000007,113.21000000000006,14527
2026-06-11T16:00:00+00:00,113.21000000000006,113.78000000000007,112.56000000000007,112.70000000000007,12691
2026-06-11T16:30:00+00:00,112.70000000000007,113.64000000000007,111.38000000000007,111.39000000000007,11362
2026-06-11T17:00:00+00:00,111.39000000000007,113.43000000000006,110.78000000000007,113.38000000000007,12405
2026-06-11T17:30:00+00:00,113.38000000000007,115.53000000000007,113.38000000000007,115.46000000000006,9845
2026-06-11T18:00:00+00:00,115.46000000000006,115.75000000000007,113.49000000000007,114.49000000000007,7363
2026-06-11T18:30:00+00:00,114.49000000000007,116.22000000000007,114.32000000000006,116.03000000000007,6789
2026-06-11T19:00:00+00:00,116.03000000000007,118.09000000000007,115.64000000000007,117.80000000000007,6955
2026-06-11T19:30:00+00:00,117.80000000000007,118.65000000000006,117.02000000000007,117.21000000000006,10251
2026-06-12T13:30:00+00:00,117.21000000000006,121.32000000000006,115.59000000000007,119.90000000000006,12696
2026-06-12T14:00:00+00:00,119.90000000000006,123.21000000000006,119.90000000000006,121.49000000000007,9165
2026-06-12T14:30:00+00:00,121.49000000000007,123.68000000000006,120.69000000000007,123.34000000000006,8957.274374773468
2026-06-12T15:00:00+00:00,123.34000000000006,123.70000000000006,122.68000000000006,123.40000000000006,7535
2026-06-12T15:30:00+00:00,123.40000000000006,123.90000000000006,121.24000000000007,121.65000000000006,10060
2026-06-12T16:00:00+00:00,121.65000000000006,125.59000000000006,121.51000000000006,124.00000000000006,12179
2026-06-12T16:30:00+00:00,124.00000000000006,125.89000000000006,123.98000000000006,125.30000000000007,8563
2026-06-12T17:00:00+00:00,125.30000000000007,127.21000000000006,125.15000000000006,127.08000000000007,7901
2026-06-12T17:30:00+00:00,127.08000000000007,127.93000000000006,126.16000000000007,126.81000000000006,8171
2026-06-12T18:00:00+00:00,126.81000000000006,126.84000000000006,125.04000000000006,126.29000000000006,8278
2026-06-12T18:30:00+00:00,126.29000000000006,126.43000000000006,124.86000000000006,125.24000000000007,7034
2026-06-12T19:00:00+00:00,125.24000000000007,126.06000000000006,125.09000000000006,125.34000000000006,6824
2026-06-12T19:30:00+00:00,125.34000000000006,125.87000000000006,124.63000000000007,124.94000000000007,8962
2026-06-15T13:30:00+00:00,124.94000000000007,132.91000000000005,124.94000000000007,130.22000000000006,12032
2026-06-15T14:00:00+00:00,130.22000000000006,131.23000000000008,128.15000000000003,129.03000000000006,9589
2026-06-15T14:30:00+00:00,129.03000000000006,129.20000000000007,127.46000000000005,128.58000000000004,7828
2026-06-15T15:00:00+00:00,128.58000000000004,130.23000000000005,128.30000000000004,129.37000000000003,6243
2026-06-15T15:30:00+00:00,129.37000000000003,129.73000000000005,128.35000000000002,128.66000000000003,6049
2026-06-15T16:00:00+00:00,128.66000000000003,128.73000000000005,127.99000000000001,128.45,4955
2026-06-15T16:30:00+00:00,128.45,128.89999999999998,127.83999999999997,128.03999999999996,4646
2026-06-15T17:00:00+00:00,128.03999999999996,128.48999999999995,126.99999999999991,127.66999999999992,4657
2026-06-15T17:30:00+00:00,127.66999999999992,128.78999999999994,127.57999999999993,128.49999999999994,3821
2026-06-15T18:00:00+00:00,128.49999999999994,128.6299999999999,127.85999999999991,128.27999999999992,3962
2026-06-15T18:30:00+00:00,128.27999999999992,128.55999999999995,127.74999999999989,127.91999999999989,3563
2026-06-15T19:00:00+00:00,127.91999999999989,128.63999999999996,127.63999999999987,128.43999999999994,4916
2026-06-15T19:30:00+00:00,128.43999999999994,129.02999999999994,127.49999999999994,128.2199999999999,6591
2026-06-16T13:30:00+00:00,128.2199999999999,129.00999999999996,125.24999999999991,126.90999999999995,11084
2026-06-16T14:00:00+00:00,126.90999999999995,127.27999999999994,122.30999999999995,122.30999999999995,11631
2026-06-16T14:30:00+00:00,122.30999999999995,122.52999999999994,119.83999999999995,120.39999999999995,11181
2026-06-16T15:00:00+00:00,120.39999999999995,121.77999999999994,119.45999999999995,120.06999999999995,10268
2026-06-16T15:30:00+00:00,120.06999999999995,120.62999999999995,118.40999999999995,120.02999999999994,11477
2026-06-16T16:00:00+00:00,120.02999999999994,121.14999999999995,119.97999999999995,120.89999999999995,9118
2026-06-16T16:30:00+00:00,120.89999999999995,121.43999999999996,119.95999999999995,120.41999999999994,9193
2026-06-16T17:00:00+00:00,120.41999999999994,120.43999999999996,119.82999999999996,120.09999999999995,6587
2026-06-16T17:30:00+00:00,120.09999999999995,121.44999999999995,119.65999999999995,120.87999999999995,6345
2026-06-16T18:00:00+00:00,120.87999999999995,121.07999999999996,119.92999999999995,120.16999999999994,5537
2026-06-16T18:30:00+00:00,120.16999999999994,120.24999999999994,119.18999999999996,119.66999999999994,6024
2026-06-16T19:00:00+00:00,119.66999999999994,120.56999999999995,118.54999999999995,120.02999999999994,9323
2026-06-16T19:30:00+00:00,120.02999999999994,120.42999999999995,117.18999999999996,117.44999999999995,11567
2026-06-17T13:30:00+00:00,117.44999999999995,122.71999999999994,117.44999999999995,118.48999999999995,13239
2026-06-17T14:00:00+00:00,118.48999999999995,122.02999999999994,118.37999999999995,121.95999999999995,14165
2026-06-17T14:30:00+00:00,121.95999999999995,122.17999999999995,120.57999999999996,120.81999999999995,14176.530332143837
2026-06-17T15:00:00+00:00,120.81999999999995,122.19999999999995,120.55999999999995,121.59999999999994,10868
2026-06-17T15:30:00+00:00,121.59999999999994,121.82999999999994,120.87999999999994,121.47999999999995,8023
2026-06-17T16:00:00+00:00,121.47999999999995,122.62999999999994,121.16999999999994,122.53999999999995,5895
2026-06-17T16:30:00+00:00,122.53999999999995,122.95999999999994,121.51999999999994,122.11999999999995,6702
2026-06-17T17:00:00+00:00,122.11999999999995,122.79999999999994,121.91999999999994,122.59999999999994,6702
2026-06-17T17:30:00+00:00,122.59999999999994,122.82999999999994,122.26999999999994,122.81999999999995,4590
2026-06-17T18:00:00+00:00,122.81999999999995,122.82999999999994,120.49999999999994,122.03999999999995,16232
2026-06-17T18:30:00+00:00,122.03999999999995,125.51999999999994,121.89999999999995,123.52999999999994,16990
2026-06-17T19:00:00+00:00,123.52999999999994,124.40999999999994,121.51999999999994,122.08999999999995,19177
2026-06-17T19:30:00+00:00,122.08999999999995,122.44999999999995,120.22999999999995,121.55999999999995,18590
2026-06-18T13:30:00+00:00,121.55999999999995,135.76999999999992,121.55999999999995,129.90999999999994,15520
2026-06-18T14:00:00+00:00,129.90999999999994,131.58999999999992,128.20999999999992,128.78999999999994,10272
2026-06-18T14:30:00+00:00,128.78999999999994,131.45999999999992,128.42999999999992,131.12999999999994,8173.048896650262
2026-06-18T15:00:00+00:00,131.12999999999994,133.34999999999994,130.31999999999994,132.41999999999993,8348
2026-06-18T15:30:00+00:00,132.41999999999993,133.53999999999994,130.71999999999994,133.30999999999992,7929
2026-06-18T16:00:00+00:00,133.30999999999992,133.61999999999992,132.11999999999992,133.41999999999993,5904
2026-06-18T16:30:00+00:00,133.41999999999993,134.62999999999994,133.06999999999994,134.24999999999994,5271
2026-06-18T17:00:00+00:00,134.24999999999994,134.60999999999993,133.24999999999994,134.57999999999993,4719
2026-06-18T17:30:00+00:00,134.57999999999993,134.86999999999992,133.38999999999993,133.38999999999993,4332
2026-06-18T18:00:00+00:00,133.38999999999993,135.54999999999993,133.30999999999992,135.50999999999993,4980
2026-06-18T18:30:00+00:00,135.50999999999993,135.50999999999993,133.97999999999993,134.22999999999993,4889
2026-06-18T19:00:00+00:00,134.22999999999993,134.79999999999993,133.82999999999993,134.56999999999994,5787
2026-06-18T19:30:00+00:00,134.56999999999994,134.95999999999992,131.86999999999992,134.19999999999993,8614
2026-06-22T13:30:00+00:00,134.19999999999993,141.74999999999994,134.19999999999993,138.00999999999993,16991
2026-06-22T14:00:00+00:00,138.00999999999993,140.07999999999993,137.68999999999994,139.13999999999993,14581
2026-06-22T14:30:00+00:00,139.13999999999993,140.51999999999992,137.91999999999993,140.45999999999992,15108
2026-06-22T15:00:00+00:00,140.45999999999992,141.00999999999993,138.60999999999993,138.76999999999992,13497
2026-06-22T15:30:00+00:00,138.76999999999992,139.42999999999992,137.92999999999992,138.18999999999994,11095
2026-06-22T16:00:00+00:00,138.18999999999994,139.80999999999992,137.73999999999992,139.73999999999992,10312
2026-06-22T16:30:00+00:00,139.73999999999992,140.52999999999992,138.65999999999994,140.24999999999994,9276
2026-06-22T17:00:00+00:00,140.24999999999994,141.23999999999992,139.59999999999994,140.99999999999994,6856
2026-06-22T17:30:00+00:00,140.99999999999994,141.24999999999994,140.62999999999994,140.66999999999993,6500
2026-06-22T18:00:00+00:00,140.66999999999993,141.08999999999992,140.14999999999992,140.33999999999992,6171
2026-06-22T18:30:00+00:00,140.33999999999992,141.04999999999993,140.33999999999992,140.61999999999992,6512
2026-06-22T19:00:00+00:00,140.61999999999992,141.29999999999993,140.53999999999994,141.01999999999992,6206
2026-06-22T19:30:00+00:00,141.01999999999992,141.33999999999992,140.49999999999994,141.22999999999993,8122
2026-06-23T13:30:00+00:00,141.22999999999993,141.22999999999993,128.64999999999992,136.59999999999994,13276
2026-06-23T14:00:00+00:00,136.59999999999994,138.26999999999992,136.18999999999994,137.19999999999993,10803
2026-06-23T14:30:00+00:00,137.19999999999993,137.90999999999994,135.74999999999994,136.31999999999994,9056
2026-06-23T15:00:00+00:00,136.31999999999994,137.12999999999994,135.22999999999993,135.97999999999993,7311
2026-06-23T15:30:00+00:00,135.97999999999993,137.23999999999992,134.57999999999993,135.73999999999992,7549
2026-06-23T16:00:00+00:00,135.73999999999992,136.96999999999994,135.02999999999992,135.95999999999992,7488
2026-06-23T16:30:00+00:00,135.95999999999992,136.14999999999992,134.54999999999993,134.90999999999994,6199
2026-06-23T17:00:00+00:00,134.90999999999994,135.05999999999992,133.47999999999993,134.52999999999992,6931
2026-06-23T17:30:00+00:00,134.52999999999992,134.67999999999992,133.10999999999993,133.19999999999993,5596
2026-06-23T18:00:00+00:00,133.19999999999993,133.95999999999992,132.88999999999993,133.66999999999993,5716
2026-06-23T18:30:00+00:00,133.66999999999993,133.69999999999993,131.85999999999993,132.76999999999992,6847
2026-06-23T19:00:00+00:00,132.76999999999992,134.06999999999994,132.22999999999993,133.87999999999994,9585
2026-06-23T19:30:00+00:00,133.87999999999994,134.23999999999992,131.53999999999994,132.56999999999994,11391
2026-06-24T13:30:00+00:00,132.56999999999994,135.40999999999994,130.33999999999992,132.31999999999994,13974
2026-06-24T14:00:00+00:00,132.31999999999994,133.87999999999994,130.73999999999992,133.51999999999992,14452
2026-06-24T14:30:00+00:00,133.51999999999992,136.37999999999994,133.46999999999994,135.70999999999995,12026.289205955334
2026-06-24T15:00:00+00:00,135.70999999999995,136.36999999999995,133.75999999999993,134.48999999999995,10703
2026-06-24T15:30:00+00:00,134.48999999999995,135.57999999999996,133.94999999999996,135.02999999999994,9176
2026-06-24T16:00:00+00:00,135.02999999999994,135.48999999999995,134.50999999999993,134.89999999999995,8133
2026-06-24T16:30:00+00:00,134.89999999999995,134.92999999999995,131.96999999999994,132.28999999999994,9197
2026-06-24T17:00:00+00:00,132.28999999999994,132.95999999999995,130.54999999999995,130.62999999999994,10522
2026-06-24T17:30:00+00:00,130.62999999999994,131.32999999999996,129.22999999999996,129.45999999999995,11927
2026-06-24T18:00:00+00:00,129.45999999999995,131.75999999999993,129.30999999999995,131.43999999999994,9797
2026-06-24T18:30:00+00:00,131.43999999999994,131.61999999999995,129.11999999999995,129.29999999999995,10506
2026-06-24T19:00:00+00:00,129.29999999999995,130.50999999999993,128.25999999999993,130.30999999999995,13486
2026-06-24T19:30:00+00:00,130.30999999999995,132.25999999999993,129.83999999999995,131.95999999999995,13096
2026-06-25T13:30:00+00:00,131.95999999999995,141.01999999999995,125.72999999999995,125.90999999999995,17970
2026-06-25T14:00:00+00:00,125.90999999999995,131.43999999999994,125.88999999999994,129.74999999999994,17887
2026-06-25T14:30:00+00:00,129.74999999999994,131.72999999999996,128.84999999999994,130.26999999999995,14867
2026-06-25T15:00:00+00:00,130.26999999999995,131.91999999999996,128.18999999999994,129.26999999999995,15713
2026-06-25T15:30:00+00:00,129.26999999999995,130.34999999999994,129.21999999999994,129.30999999999995,11929
2026-06-25T16:00:00+00:00,129.30999999999995,132.27999999999994,129.17999999999995,130.42999999999995,12360
2026-06-25T16:30:00+00:00,130.42999999999995,131.15999999999994,128.35999999999996,130.52999999999994,11515
2026-06-25T17:00:00+00:00,130.52999999999994,132.81999999999994,130.49999999999994,132.51999999999995,10282
2026-06-25T17:30:00+00:00,132.51999999999995,132.71999999999994,131.52999999999994,132.43999999999994,9591
2026-06-25T18:00:00+00:00,132.43999999999994,132.85999999999996,131.46999999999994,132.37999999999994,11357
2026-06-25T18:30:00+00:00,132.37999999999994,132.37999999999994,130.30999999999995,130.84999999999994,11364
2026-06-25T19:00:00+00:00,130.84999999999994,131.35999999999996,129.69999999999996,131.28999999999994,13116
2026-06-25T19:30:00+00:00,131.28999999999994,133.34999999999994,130.55999999999995,133.24999999999994,14996
2026-06-26T13:30:00+00:00,133.24999999999994,133.24999999999994,125.81999999999994,129.5699999999999,15761
2026-06-26T14:00:00+00:00,129.5699999999999,131.51999999999992,129.3199999999999,130.19999999999993,15022
2026-06-26T14:30:00+00:00,130.19999999999993,130.7199999999999,128.69999999999993,129.3299999999999,14236.982342686835
2026-06-26T15:00:00+00:00,129.3299999999999,129.8499999999999,127.8299999999999,129.2999999999999,12488
2026-06-26T15:30:00+00:00,129.2999999999999,129.7999999999999,128.3199999999999,129.1299999999999,11815
2026-06-26T16:00:00+00:00,129.1299999999999,129.5699999999999,128.1599999999999,129.5099999999999,10851
2026-06-26T16:30:00+00:00,129.5099999999999,129.77999999999992,128.6599999999999,129.61999999999992,8435
2026-06-26T17:00:00+00:00,129.61999999999992,130.3299999999999,128.73999999999992,129.5499999999999,7788
2026-06-26T17:30:00+00:00,129.5499999999999,129.89999999999992,128.5999999999999,128.61999999999992,7831
2026-06-26T18:00:00+00:00,128.61999999999992,128.83999999999992,127.76999999999992,128.09999999999997,8316
2026-06-26T18:30:00+00:00,128.09999999999997,128.57999999999998,127.58999999999999,127.86999999999999,7585
2026-06-26T19:00:00+00:00,127.86999999999999,128.75999999999996,127.58999999999999,128.67999999999998,10822
2026-06-26T19:30:00+00:00,128.67999999999998,130.08999999999997,127.81999999999996,127.96999999999997,12157
2026-06-29T13:30:00+00:00,127.96999999999997,128.06999999999996,121.82999999999997,122.27999999999997,13100
2026-06-29T14:00:00+00:00,122.27999999999997,123.05999999999997,118.80999999999997,121.19999999999996,14744
2026-06-29T14:30:00+00:00,121.19999999999996,123.92999999999996,120.95999999999997,123.82999999999997,11477
2026-06-29T15:00:00+00:00,123.82999999999997,125.53999999999996,123.75999999999996,125.18999999999997,9247
2026-06-29T15:30:00+00:00,125.18999999999997,126.66999999999997,124.77999999999997,126.42999999999996,7195
2026-06-29T16:00:00+00:00,126.42999999999996,128.42999999999998,126.40999999999997,127.98999999999995,7094
2026-06-29T16:30:00+00:00,127.98999999999995,129.20999999999995,127.54999999999994,128.95999999999995,6327
2026-06-29T17:00:00+00:00,128.95999999999995,130.88999999999993,128.84999999999994,130.85999999999993,6076
2026-06-29T17:30:00+00:00,130.85999999999993,131.38999999999993,130.41999999999993,130.91999999999993,5292
2026-06-29T18:00:00+00:00,130.91999999999993,131.43999999999994,130.65999999999994,130.91999999999993,4735
2026-06-29T18:30:00+00:00,130.91999999999993,131.82999999999993,130.87999999999994,131.49999999999994,4418
2026-06-29T19:00:00+00:00,131.49999999999994,131.81999999999994,130.91999999999993,131.25999999999993,5395
2026-06-29T19:30:00+00:00,131.25999999999993,132.21999999999994,130.53999999999994,132.00999999999993,6607
2026-06-30T13:30:00+00:00,132.00999999999993,137.74999999999994,131.81999999999994,137.47999999999993,12389
2026-06-30T14:00:00+00:00,137.47999999999993,138.48999999999995,136.56999999999994,137.92999999999995,10895
2026-06-30T14:30:00+00:00,137.92999999999995,138.30999999999995,137.08999999999995,137.54999999999993,8453
2026-06-30T15:00:00+00:00,137.54999999999993,140.76999999999992,137.53999999999994,140.25999999999993,8077
2026-06-30T15:30:00+00:00,140.25999999999993,140.96999999999994,139.60999999999993,140.32999999999993,6280
2026-06-30T16:00:00+00:00,140.32999999999993,140.91999999999993,140.10999999999993,140.51999999999992,5310
2026-06-30T16:30:00+00:00,140.51999999999992,142.08999999999995,140.29999999999993,141.00999999999993,5016
2026-06-30T17:00:00+00:00,141.00999999999993,142.54999999999993,140.98999999999995,142.20999999999995,4377
2026-06-30T17:30:00+00:00,142.20999999999995,142.64999999999995,141.60999999999993,141.75999999999993,4260
2026-06-30T18:00:00+00:00,141.75999999999993,141.76999999999992,140.43999999999994,140.65999999999994,4379
2026-06-30T18:30:00+00:00,140.65999999999994,141.38999999999993,140.42999999999995,140.63999999999993,4402
2026-06-30T19:00:00+00:00,140.63999999999993,140.81999999999994,140.13999999999993,140.46999999999994,4676
2026-06-30T19:30:00+00:00,140.46999999999994,141.39999999999995,139.67999999999995,139.88999999999993,7743
2026-07-01T13:30:00+00:00,139.88999999999993,139.88999999999993,132.71999999999994,133.99999999999994,15104
2026-07-01T14:00:00+00:00,133.99999999999994,134.44999999999993,131.79999999999993,132.23999999999995,13257
2026-07-01T14:30:00+00:00,132.23999999999995,132.39999999999995,128.26999999999992,128.80999999999995,11947.479806619562
2026-07-01T15:00:00+00:00,128.80999999999995,130.54999999999993,128.64999999999995,130.40999999999994,10892
2026-07-01T15:30:00+00:00,130.40999999999994,130.72999999999993,128.81999999999994,128.95999999999995,8569
2026-07-01T16:00:00+00:00,128.95999999999995,130.28999999999994,128.79999999999993,130.08999999999995,7288
2026-07-01T16:30:00+00:00,130.08999999999995,130.15999999999994,129.10999999999993,129.28999999999994,6106
2026-07-01T17:00:00+00:00,129.28999999999994,129.50999999999993,128.35999999999996,128.90999999999994,6522
2026-07-01T17:30:00+00:00,128.90999999999994,128.96999999999994,127.72999999999988,127.81999999999988,6014
2026-07-01T18:00:00+00:00,127.81999999999988,128.9699999999999,127.67999999999988,128.1599999999999,6225
2026-07-01T18:30:00+00:00,128.1599999999999,128.4699999999999,127.0399999999999,127.41999999999992,6053
2026-07-01T19:00:00+00:00,127.41999999999992,128.92999999999992,127.31999999999991,128.84999999999988,8125
2026-07-01T19:30:00+00:00,128.84999999999988,129.7799999999999,126.96999999999986,127.38999999999986,10433
2026-07-02T13:30:00+00:00,127.38999999999986,130.8999999999999,124.67999999999985,130.78999999999988,15580
2026-07-02T14:00:00+00:00,130.78999999999988,130.9899999999999,125.54999999999994,125.68999999999994,18603
2026-07-02T14:30:00+00:00,125.68999999999994,126.08999999999993,123.05999999999995,124.56999999999994,20624.520694426974
2026-07-02T15:00:00+00:00,124.56999999999994,124.84999999999994,122.37999999999994,123.09999999999994,19683
2026-07-02T15:30:00+00:00,123.09999999999994,125.63999999999993,123.09999999999994,123.92999999999994,15932
2026-07-02T16:00:00+00:00,123.92999999999994,123.94999999999993,120.32999999999993,120.49999999999993,14658
2026-07-02T16:30:00+00:00,120.49999999999993,121.62999999999994,119.71999999999993,120.41999999999993,14929
2026-07-02T17:00:00+00:00,120.41999999999993,121.45999999999994,119.89999999999993,120.07999999999993,12741
2026-07-02T17:30:00+00:00,120.07999999999993,120.24999999999993,118.76999999999994,119.12999999999994,12112
2026-07-02T18:00:00+00:00,119.12999999999994,120.74999999999993,119.06999999999994,120.19999999999993,12248
2026-07-02T18:30:00+00:00,120.19999999999993,120.97999999999993,119.47999999999993,120.27999999999993,11287
2026-07-02T19:00:00+00:00,120.27999999999993,120.50999999999993,117.88999999999993,118.97999999999993,12988
2026-07-02T19:30:00+00:00,118.97999999999993,120.72999999999993,118.81999999999994,120.69999999999993,14649
2026-07-06T13:30:00+00:00,120.69999999999993,126.93999999999993,120.69999999999993,125.28999999999994,15634
2026-07-06T14:00:00+00:00,125.28999999999994,127.52999999999993,125.10999999999993,126.71999999999993,13624
2026-07-06T14:30:00+00:00,126.71999999999993,127.56999999999994,125.76999999999994,126.45999999999994,10850
2026-07-06T15:00:00+00:00,126.45999999999994,126.79999999999993,124.23999999999994,125.36999999999993,10370
2026-07-06T15:30:00+00:00,125.36999999999993,125.64999999999993,124.46999999999993,124.77999999999993,7851
2026-07-06T16:00:00+00:00,124.77999999999993,125.13999999999993,124.30999999999993,125.09999999999994,6533
2026-07-06T16:30:00+00:00,125.09999999999994,125.21999999999993,124.22999999999993,124.33999999999993,6049
2026-07-06T17:00:00+00:00,124.33999999999993,124.90999999999993,123.38999999999993,123.45999999999994,6203
2026-07-06T17:30:00+00:00,123.45999999999994,123.49999999999993,122.65999999999993,122.94999999999993,7373
2026-07-06T18:00:00+00:00,122.94999999999993,123.76999999999994,122.64999999999993,122.69999999999993,6091
2026-07-06T18:30:00+00:00,122.69999999999993,122.91999999999993,122.32999999999993,122.73999999999994,5562
2026-07-06T19:00:00+00:00,122.73999999999994,124.40999999999993,122.50999999999993,123.84999999999994,6945
2026-07-06T19:30:00+00:00,123.84999999999994,123.92999999999994,122.27999999999993,122.57999999999993,9120
2026-07-07T13:30:00+00:00,122.57999999999993,122.57999999999993,111.43999999999993,112.82999999999993,19026
2026-07-07T14:00:00+00:00,112.82999999999993,112.82999999999993,109.39999999999993,110.57999999999993,16740
2026-07-07T14:30:00+00:00,110.57999999999993,110.90999999999993,108.62999999999994,110.40999999999993,16634
2026-07-07T15:00:00+00:00,110.40999999999993,111.27999999999993,109.16999999999993,109.70999999999994,12945
2026-07-07T15:30:00+00:00,109.70999999999994,110.19999999999993,109.02999999999993,109.92999999999994,11259
2026-07-07T16:00:00+00:00,109.92999999999994,112.20999999999994,109.65999999999993,111.99999999999993,11140
2026-07-07T16:30:00+00:00,111.99999999999993,112.23999999999994,110.42999999999994,111.18999999999993,9912
2026-07-07T17:00:00+00:00,111.18999999999993,112.59999999999994,111.08999999999993,111.22999999999993,9321
2026-07-07T17:30:00+00:00,111.22999999999993,111.65999999999993,110.96999999999993,111.36999999999993,7341
2026-07-07T18:00:00+00:00,111.36999999999993,111.45999999999994,110.76999999999994,110.81999999999994,6771
2026-07-07T18:30:00+00:00,110.81999999999994,111.05999999999993,109.27999999999993,109.36999999999993,8898
2026-07-07T19:00:00+00:00,109.36999999999993,109.93999999999993,108.55999999999993,109.49999999999993,11777
2026-07-07T19:30:00+00:00,109.49999999999993,110.86999999999993,109.29999999999993,110.68999999999993,13056
2026-07-08T13:30:00+00:00,110.68999999999993,110.68999999999993,107.96999999999993,109.40999999999993,16237
2026-07-08T14:00:00+00:00,109.40999999999993,109.96999999999993,107.76999999999994,108.07999999999993,16487
2026-07-08T14:30:00+00:00,108.07999999999993,108.35999999999993,105.88999999999993,106.61999999999993,15404.870019163418
2026-07-08T15:00:00+00:00,106.61999999999993,107.00999999999993,104.72999999999993,105.05999999999993,14363
2026-07-08T15:30:00+00:00,105.05999999999993,105.86999999999993,104.68999999999994,105.24999999999994,12985
2026-07-08T16:00:00+00:00,105.24999999999994,107.32999999999994,105.13999999999994,107.12999999999994,11111
2026-07-08T16:30:00+00:00,107.12999999999994,107.66999999999993,106.54999999999994,107.16999999999993,10611
2026-07-08T17:00:00+00:00,107.16999999999993,108.04999999999994,106.70999999999994,107.99999999999994,8303
2026-07-08T17:30:00+00:00,107.99999999999994,108.50999999999993,107.22999999999993,107.37999999999994,7794
2026-07-08T18:00:00+00:00,107.37999999999994,108.50999999999993,107.17999999999994,107.91999999999993,8397
2026-07-08T18:30:00+00:00,107.91999999999993,108.21999999999994,107.46999999999994,107.94999999999993,7059
2026-07-08T19:00:00+00:00,107.94999999999993,108.44999999999993,107.50999999999993,108.33999999999993,7046
2026-07-08T19:30:00+00:00,108.33999999999993,110.74999999999994,107.67999999999994,110.50999999999993,11294
2026-07-09T13:30:00+00:00,110.50999999999993,116.85999999999994,110.50999999999993,115.63999999999994,14966
2026-07-09T14:00:00+00:00,115.63999999999994,116.19999999999993,112.62999999999994,113.45999999999994,14726
2026-07-09T14:30:00+00:00,113.45999999999994,114.17999999999994,112.52999999999994,113.19999999999993,13173
2026-07-09T15:00:00+00:00,113.19999999999993,113.81999999999994,112.78999999999994,113.08999999999993,9504
2026-07-09T15:30:00+00:00,113.08999999999993,113.70999999999994,112.65999999999994,113.41999999999993,7247
2026-07-09T16:00:00+00:00,113.41999999999993,113.98999999999994,112.67999999999994,112.72999999999993,6118
2026-07-09T16:30:00+00:00,112.72999999999993,113.28999999999994,112.07999999999994,112.94999999999993,5788
2026-07-09T17:00:00+00:00,112.94999999999993,113.76999999999994,112.87999999999994,112.93999999999994,5330
2026-07-09T17:30:00+00:00,112.93999999999994,113.36999999999993,112.74999999999994,112.89999999999993,4868
2026-07-09T18:00:00+00:00,112.89999999999993,113.16999999999993,112.38999999999994,112.64999999999993,5205
2026-07-09T18:30:00+00:00,112.64999999999993,113.42999999999994,112.64999999999993,113.17999999999994,5267
2026-07-09T19:00:00+00:00,113.17999999999994,113.19999999999993,112.36999999999993,112.60999999999994,6155
2026-07-09T19:30:00+00:00,112.60999999999994,112.87999999999994,111.78999999999994,112.87999999999994,7970
2026-07-10T13:30:00+00:00,112.87999999999994,112.87999999999994,107.69999999999993,109.22999999999993,12276
2026-07-10T14:00:00+00:00,109.22999999999993,109.80999999999993,108.64999999999993,109.49999999999994,11301
2026-07-10T14:30:00+00:00,109.49999999999994,110.00999999999993,108.27999999999994,108.74999999999993,13951.275775896816
2026-07-10T15:00:00+00:00,108.74999999999993,110.00999999999992,108.21999999999993,109.89999999999992,10774
2026-07-10T15:30:00+00:00,109.89999999999992,110.04999999999993,108.49999999999993,109.52999999999993,9898
2026-07-10T16:00:00+00:00,109.52999999999993,109.93999999999993,109.38999999999993,109.78999999999992,7389
2026-07-10T16:30:00+00:00,109.78999999999992,110.14999999999992,109.50999999999992,109.79999999999993,6098
2026-07-10T17:00:00+00:00,109.79999999999993,110.96999999999993,109.66999999999993,110.91999999999993,5303
2026-07-10T17:30:00+00:00,110.91999999999993,111.16999999999993,110.15999999999993,110.27999999999993,4774
2026-07-10T18:00:00+00:00,110.27999999999993,110.74999999999993,110.15999999999993,110.23999999999992,5614
2026-07-10T18:30:00+00:00,110.23999999999992,110.52999999999993,110.05999999999993,110.24999999999993,4695
2026-07-10T19:00:00+00:00,110.24999999999993,110.65999999999993,109.98999999999992,110.30999999999993,5273
2026-07-10T19:30:00+00:00,110.30999999999993,110.66999999999993,109.85999999999993,110.12999999999992,6306
2026-07-13T13:30:00+00:00,110.12999999999992,110.12999999999992,103.65999999999993,105.64999999999992,16145
2026-07-13T14:00:00+00:00,105.64999999999992,106.03999999999992,104.41999999999993,106.03999999999992,15620
2026-07-13T14:30:00+00:00,106.03999999999992,106.44999999999992,104.79999999999993,105.65999999999993,9880
2026-07-13T15:00:00+00:00,105.65999999999993,105.99999999999993,105.20999999999992,105.38999999999993,7985
2026-07-13T15:30:00+00:00,105.38999999999993,105.80999999999993,104.10999999999993,104.48999999999992,7854
2026-07-13T16:00:00+00:00,104.48999999999992,104.59999999999992,103.26999999999992,103.68999999999993,7094
2026-07-13T16:30:00+00:00,103.68999999999993,103.78999999999992,102.92999999999992,103.54999999999993,8509
2026-07-13T17:00:00+00:00,103.54999999999993,104.18999999999993,103.07999999999993,103.20999999999992,6603
2026-07-13T17:30:00+00:00,103.20999999999992,103.53999999999992,102.81999999999992,102.97999999999992,6457
2026-07-13T18:00:00+00:00,102.97999999999992,103.63999999999993,102.62999999999992,102.70999999999992,6867
2026-07-13T18:30:00+00:00,102.70999999999992,102.88999999999993,102.51999999999992,102.62999999999992,6450
2026-07-13T19:00:00+00:00,102.62999999999992,102.85999999999993,102.10999999999993,102.34999999999992,7252
2026-07-13T19:30:00+00:00,102.34999999999992,103.92999999999992,102.29999999999993,103.37999999999992,10773
2026-07-14T13:30:00+00:00,103.37999999999992,108.28999999999992,103.37999999999992,106.55999999999993,17071
2026-07-14T14:00:00+00:00,106.55999999999993,106.81999999999992,103.88999999999993,104.16999999999993,17491
2026-07-14T14:30:00+00:00,104.16999999999993,105.76999999999992,103.90999999999993,105.59999999999992,12261
2026-07-14T15:00:00+00:00,105.59999999999992,106.77999999999993,105.41999999999993,106.69999999999992,10079
2026-07-14T15:30:00+00:00,106.69999999999992,107.46999999999993,106.31999999999992,107.00999999999992,10197
2026-07-14T16:00:00+00:00,107.00999999999992,107.48999999999992,106.13999999999993,107.36999999999992,8716
2026-07-14T16:30:00+00:00,107.36999999999992,107.46999999999993,106.57999999999993,106.81999999999992,6750
2026-07-14T17:00:00+00:00,106.81999999999992,107.76999999999992,106.65999999999993,107.32999999999993,5376
2026-07-14T17:30:00+00:00,107.32999999999993,107.76999999999992,107.05999999999993,107.44999999999992,4650
2026-07-14T18:00:00+00:00,107.44999999999992,108.63999999999993,107.30999999999993,108.59999999999992,4673
2026-07-14T18:30:00+00:00,108.59999999999992,109.48999999999992,108.57999999999993,108.78999999999992,6152
2026-07-14T19:00:00+00:00,108.78999999999992,108.82999999999993,108.00999999999992,108.01999999999992,6203
2026-07-14T19:30:00+00:00,108.01999999999992,109.09999999999992,107.64999999999992,108.13999999999993,9208
2026-07-15T13:30:00+00:00,108.13999999999993,109.82999999999993,105.88999999999993,106.62999999999992,15426
2026-07-15T14:00:00+00:00,106.62999999999992,106.98999999999992,102.91999999999993,103.92999999999992,15290
2026-07-15T14:30:00+00:00,103.92999999999992,103.99999999999993,101.64999999999992,102.69999999999993,13541.575534808499
2026-07-15T15:00:00+00:00,102.69999999999993,102.92999999999994,100.89999999999993,101.92999999999994,11592
2026-07-15T15:30:00+00:00,101.92999999999994,102.30999999999993,100.98999999999994,101.06999999999994,9841
2026-07-15T16:00:00+00:00,101.06999999999994,101.21999999999994,99.50999999999993,100.18999999999994,9672
2026-07-15T16:30:00+00:00,100.18999999999994,101.24999999999994,99.47999999999993,100.96999999999994,9814
2026-07-15T17:00:00+00:00,100.96999999999994,102.05999999999993,100.90999999999994,101.90999999999994,7741
2026-07-15T17:30:00+00:00,101.90999999999994,102.63999999999994,101.79999999999994,101.95999999999994,7468
2026-07-15T18:00:00+00:00,101.95999999999994,102.68999999999994,101.53999999999994,101.87999999999994,6529
2026-07-15T18:30:00+00:00,101.87999999999994,102.23999999999994,101.40999999999994,101.62999999999994,6851
2026-07-15T19:00:00+00:00,101.62999999999994,102.48999999999994,101.33999999999993,102.35999999999994,7661
2026-07-15T19:30:00+00:00,102.35999999999994,103.72999999999993,102.29999999999994,103.30999999999993,9235
2026-07-16T13:30:00+00:00,103.30999999999993,103.30999999999993,98.55999999999993,100.00999999999993,12680
2026-07-16T14:00:00+00:00,100.00999999999993,101.23999999999994,99.82999999999994,100.57999999999994,10630
2026-07-16T14:30:00+00:00,100.57999999999994,100.57999999999994,98.85999999999994,99.49999999999994,8403
2026-07-16T15:00:00+00:00,99.49999999999994,99.88999999999994,98.68999999999994,99.01999999999994,8297
2026-07-16T15:30:00+00:00,99.01999999999994,99.62999999999994,98.38999999999994,98.40999999999994,6930
2026-07-16T16:00:00+00:00,98.40999999999994,98.58999999999993,97.48999999999994,97.84999999999994,7988
2026-07-16T16:30:00+00:00,97.84999999999994,98.14999999999993,96.63999999999994,97.37999999999994,6962
2026-07-16T17:00:00+00:00,97.37999999999994,97.45999999999994,96.33999999999993,96.85999999999994,6191
2026-07-16T17:30:00+00:00,96.85999999999994,96.98999999999994,95.75999999999993,95.97999999999993,6487
2026-07-16T18:00:00+00:00,95.97999999999993,97.32999999999994,95.87999999999994,96.97999999999993,7150
2026-07-16T18:30:00+00:00,96.97999999999993,97.12999999999994,96.55999999999993,96.67999999999994,6221
2026-07-16T19:00:00+00:00,96.67999999999994,96.89999999999993,96.14999999999993,96.49999999999994,7494
2026-07-16T19:30:00+00:00,96.49999999999994,97.49999999999994,95.80999999999993,97.31999999999994,11542
2026-07-17T13:30:00+00:00,97.31999999999994,97.31999999999994,89.88999999999994,93.44999999999993,17988
2026-07-17T14:00:00+00:00,93.44999999999993,96.37999999999994,93.37999999999994,94.78999999999994,17351
2026-07-17T14:30:00+00:00,94.78999999999994,95.42999999999994,93.45999999999994,93.48999999999994,13206
2026-07-17T15:00:00+00:00,93.48999999999994,94.01999999999994,92.86999999999993,93.75999999999993,11554
2026-07-17T15:30:00+00:00,93.75999999999993,95.95999999999994,93.38999999999994,95.67999999999994,10208
2026-07-17T16:00:00+00:00,95.67999999999994,96.80999999999993,95.29999999999994,95.90999999999994,10721
2026-07-17T16:30:00+00:00,95.90999999999994,96.90999999999994,95.40999999999994,96.50999999999993,7850
2026-07-17T17:00:00+00:00,96.50999999999993,98.32999999999994,96.39999999999993,97.70999999999994,8167
2026-07-17T17:30:00+00:00,97.70999999999994,98.21999999999994,96.34999999999994,96.57999999999994,7819
2026-07-17T18:00:00+00:00,96.57999999999994,97.04999999999994,95.60999999999994,95.95999999999994,7585
2026-07-17T18:30:00+00:00,95.95999999999994,96.40999999999994,95.66999999999993,95.94999999999993,7359
2026-07-17T19:00:00+00:00,95.94999999999993,95.99999999999994,94.95999999999994,95.83999999999993,7962
2026-07-17T19:30:00+00:00,95.83999999999993,96.45999999999994,95.02999999999993,95.25999999999993,11232
2026-07-20T13:30:00+00:00,95.25999999999993,98.94999999999993,95.05999999999993,96.83999999999993,13383
2026-07-20T14:00:00+00:00,96.83999999999993,97.33999999999993,95.29999999999993,97.33999999999993,13272
2026-07-20T14:30:00+00:00,97.33999999999993,97.45999999999994,95.04999999999993,95.27999999999993,11675
2026-07-20T15:00:00+00:00,95.27999999999993,96.54999999999993,95.11999999999993,96.49999999999993,10139
2026-07-20T15:30:00+00:00,96.49999999999993,96.70999999999994,95.90999999999993,96.63999999999993,8760
2026-07-20T16:00:00+00:00,96.63999999999993,97.37999999999992,96.52999999999993,96.91999999999993,7292
2026-07-20T16:30:00+00:00,96.91999999999993,97.15999999999993,96.15999999999993,96.63999999999993,8293
2026-07-20T17:00:00+00:00,96.63999999999993,97.00999999999993,96.15999999999993,96.72999999999993,6104
2026-07-20T17:30:00+00:00,96.72999999999993,96.84999999999994,96.03999999999994,96.44999999999993,6127
2026-07-20T18:00:00+00:00,96.44999999999993,96.87999999999992,96.23999999999994,96.39999999999993,6230
2026-07-20T18:30:00+00:00,96.39999999999993,96.46999999999993,95.87999999999992,96.01999999999992,7085
2026-07-20T19:00:00+00:00,96.01999999999992,96.26999999999992,95.19999999999993,95.79999999999993,8589
2026-07-20T19:30:00+00:00,95.79999999999993,96.03999999999994,94.89999999999993,95.10999999999993,10400
2026-07-21T13:30:00+00:00,95.10999999999993,102.14999999999993,95.10999999999993,100.77999999999993,14327
2026-07-21T14:00:00+00:00,100.77999999999993,100.90999999999993,99.18999999999993,100.56999999999994,13074
2026-07-21T14:30:00+00:00,100.56999999999994,101.88999999999993,100.49999999999993,101.64999999999993,9827
2026-07-21T15:00:00+00:00,101.64999999999993,102.74999999999993,101.09999999999994,102.24999999999993,8973
2026-07-21T15:30:00+00:00,102.24999999999993,102.29999999999993,101.56999999999994,101.67999999999994,7604
2026-07-21T16:00:00+00:00,101.67999999999994,102.62999999999992,101.60999999999993,102.35999999999993,5815
2026-07-21T16:30:00+00:00,102.35999999999993,102.96999999999993,101.98999999999994,102.53999999999994,4898
2026-07-21T17:00:00+00:00,102.53999999999994,103.63999999999993,102.52999999999993,102.75999999999993,4783
2026-07-21T17:30:00+00:00,102.75999999999993,103.27999999999993,102.70999999999994,103.01999999999992,4280
2026-07-21T18:00:00+00:00,103.01999999999992,103.25999999999993,102.87999999999992,103.08999999999993,3923
2026-07-21T18:30:00+00:00,103.08999999999993,103.62999999999992,102.87999999999992,103.14999999999993,4055
2026-07-21T19:00:00+00:00,103.14999999999993,103.25999999999993,102.60999999999993,102.63999999999993,4872
2026-07-21T19:30:00+00:00,102.63999999999993,104.13999999999993,102.60999999999993,103.34999999999994,7473
2026-07-22T13:30:00+00:00,103.34999999999994,104.29999999999993,99.58999999999993,104.15999999999993,13709
2026-07-22T14:00:00+00:00,104.15999999999993,104.24999999999993,102.68999999999993,103.64999999999993,13337
2026-07-22T14:30:00+00:00,103.64999999999993,104.09999999999994,103.13999999999993,103.59999999999994,12929
2026-07-22T15:00:00+00:00,103.59999999999994,104.81999999999994,103.59999999999994,104.32999999999994,9191
2026-07-22T15:30:00+00:00,104.32999999999994,104.47999999999995,103.42999999999994,103.72999999999995,8553
2026-07-22T16:00:00+00:00,103.72999999999995,103.86999999999993,103.12999999999994,103.26999999999994,5999
2026-07-22T16:30:00+00:00,103.26999999999994,103.43999999999994,102.43999999999994,102.49999999999994,5839
2026-07-22T17:00:00+00:00,102.49999999999994,102.92999999999994,102.43999999999994,102.79999999999994,5422
2026-07-22T17:30:00+00:00,102.79999999999994,102.91999999999994,102.23999999999994,102.30999999999995,5092
2026-07-22T18:00:00+00:00,102.30999999999995,102.54999999999994,101.59999999999994,101.75999999999993,5864
2026-07-22T18:30:00+00:00,101.75999999999993,102.69999999999995,101.43999999999994,102.52999999999994,5056
2026-07-22T19:00:00+00:00,102.52999999999994,102.65999999999994,102.22999999999995,102.36999999999993,5508
2026-07-22T19:30:00+00:00,102.36999999999993,102.46999999999994,100.48999999999994,100.52999999999994,9375
2026-07-23T13:30:00+00:00,100.52999999999994,101.68999999999994,98.09999999999994,100.13999999999994,14546
2026-07-23T14:00:00+00:00,100.13999999999994,102.14999999999993,100.11999999999993,101.51999999999994,18202
2026-07-23T14:30:00+00:00,101.51999999999994,101.71999999999994,99.33999999999995,99.78999999999994,15848
2026-07-23T15:00:00+00:00,99.78999999999994,99.81999999999994,98.07999999999994,98.63999999999994,13740
2026-07-23T15:30:00+00:00,98.63999999999994,99.33999999999995,98.23999999999994,99.25999999999993,12266
2026-07-23T16:00:00+00:00,99.25999999999993,100.26999999999994,99.02999999999994,100.19999999999995,9654
2026-07-23T16:30:00+00:00,100.19999999999995,100.83999999999995,98.97999999999995,99.35999999999994,11540
2026-07-23T17:00:00+00:00,99.35999999999994,99.56999999999994,98.49999999999994,98.85999999999994,10450
2026-07-23T17:30:00+00:00,98.85999999999994,98.90999999999994,97.61999999999993,97.66999999999994,9216
2026-07-23T18:00:00+00:00,97.66999999999994,97.68999999999994,97.20999999999994,97.48999999999994,7692
2026-07-23T18:30:00+00:00,97.48999999999994,98.07999999999994,97.37999999999994,97.76999999999994,7985
2026-07-23T19:00:00+00:00,97.76999999999994,98.79999999999994,97.39999999999993,98.58999999999995,7528
2026-07-23T19:30:00+00:00,98.58999999999995,98.72999999999995,97.35999999999994,98.10999999999994,10293
2026-07-24T13:30:00+00:00,98.10999999999994,99.63999999999994,93.74999999999994,94.37999999999994,16893
2026-07-24T14:00:00+00:00,94.37999999999994,96.09999999999994,93.57999999999994,95.72999999999995,15078
2026-07-24T14:30:00+00:00,95.72999999999995,95.76999999999994,93.34999999999994,95.37999999999994,12138
2026-07-24T15:00:00+00:00,95.37999999999994,95.59999999999994,94.03999999999994,94.42999999999994,12179
2026-07-24T15:30:00+00:00,94.42999999999994,95.32999999999994,94.07999999999994,94.97999999999995,9153
2026-07-24T16:00:00+00:00,94.97999999999995,95.45999999999994,93.04999999999994,93.20999999999994,8039
2026-07-24T16:30:00+00:00,93.20999999999994,94.33999999999995,92.98999999999994,94.26999999999994,7727
2026-07-24T17:00:00+00:00,94.26999999999994,94.41999999999994,93.36999999999993,94.21999999999994,7140
2026-07-24T17:30:00+00:00,94.21999999999994,94.36999999999993,93.72999999999995,93.99999999999994,6191
2026-07-24T18:00:00+00:00,93.99999999999994,94.12999999999994,92.24999999999994,92.54999999999994,7505
2026-07-24T18:30:00+00:00,92.54999999999994,92.66999999999994,91.63999999999994,91.74999999999994,8369
2026-07-24T19:00:00+00:00,91.74999999999994,91.88999999999994,90.03999999999994,90.91999999999994,8847
2026-07-24T19:30:00+00:00,90.91999999999994,91.52999999999994,89.54999999999994,90.31999999999994,10420
2026-07-27T13:30:00+00:00,90.31999999999994,92.94999999999995,88.57999999999994,88.91999999999994,12206
2026-07-27T14:00:00+00:00,88.91999999999994,89.19999999999995,86.32999999999994,86.44999999999995,12211
2026-07-27T14:30:00+00:00,86.44999999999995,87.92999999999994,84.92999999999994,87.87999999999994,12111
2026-07-27T15:00:00+00:00,87.87999999999994,88.40999999999994,87.01999999999994,87.20999999999994,11087
2026-07-27T15:30:00+00:00,87.20999999999994,87.38999999999994,86.50999999999993,87.12999999999994,9356
2026-07-27T16:00:00+00:00,87.12999999999994,88.79999999999994,86.91999999999994,88.45999999999994,9071
2026-07-27T16:30:00+00:00,88.45999999999994,88.82999999999994,87.62999999999994,87.71999999999994,7740
2026-07-27T17:00:00+00:00,87.71999999999994,88.05999999999995,87.47999999999995,87.67999999999994,6357
2026-07-27T17:30:00+00:00,87.67999999999994,88.36999999999993,87.47999999999995,88.36999999999993,5299.065761258042
2026-07-27T18:00:00+00:00,88.36999999999993,88.51999999999994,87.74999999999991,88.30999999999992,3335.6200969610873
2026-07-27T18:30:00+00:00,88.30999999999992,89.49999999999991,87.80999999999992,89.43999999999991,5796
2026-07-27T19:00:00+00:00,89.43999999999991,90.41999999999992,89.34999999999991,90.31999999999991,6751
2026-07-27T19:30:00+00:00,90.31999999999991,90.47999999999992,89.21999999999991,89.67999999999991,8088
2026-07-28T13:30:00+00:00,89.67999999999991,89.67999999999991,82.47999999999992,82.52999999999992,17075
2026-07-28T14:00:00+00:00,82.52999999999992,83.60999999999991,81.09999999999991,81.93999999999991,15332
2026-07-28T14:30:00+00:00,81.93999999999991,84.3999999999999,81.68999999999991,84.08999999999992,12843
2026-07-28T15:00:00+00:00,84.08999999999992,84.81999999999991,83.23999999999991,84.40999999999991,11291
2026-07-28T15:30:00+00:00,84.40999999999991,86.22999999999992,84.12999999999991,85.44999999999992,9497
2026-07-28T16:00:00+00:00,85.44999999999992,85.6199999999999,84.35999999999991,84.70999999999991,7363
2026-07-28T16:30:00+00:00,84.70999999999991,85.38999999999992,84.05999999999992,85.0099999999999,7418
2026-07-28T17:00:00+00:00,85.0099999999999,85.3999999999999,84.65999999999991,85.13999999999992,6780
2026-07-28T17:30:00+00:00,85.13999999999992,85.43999999999991,84.19999999999992,84.59999999999991,5584
2026-07-28T18:00:00+00:00,84.59999999999991,84.85999999999991,83.94999999999992,83.98999999999991,5856
2026-07-28T18:30:00+00:00,83.98999999999991,84.83999999999992,83.94999999999992,84.5399999999999,6060
2026-07-28T19:00:00+00:00,84.5399999999999,85.88999999999992,84.5099999999999,85.85999999999991,6714
2026-07-28T19:30:00+00:00,85.85999999999991,86.05999999999992,84.23999999999991,84.34999999999991,10492
2026-07-29T13:30:00+00:00,84.34999999999991,86.40999999999991,82.2899999999999,82.65999999999991,15809
2026-07-29T14:00:00+00:00,82.65999999999991,83.84999999999991,81.59999999999991,81.90999999999991,14356
2026-07-29T14:30:00+00:00,81.90999999999991,82.7899999999999,81.2899999999999,82.23999999999991,11975
2026-07-29T15:00:00+00:00,82.23999999999991,82.62999999999991,81.06999999999991,81.19999999999992,11059
2026-07-29T15:30:00+00:00,81.19999999999992,81.43999999999991,80.23999999999991,80.94999999999992,9223
2026-07-29T16:00:00+00:00,80.94999999999992,81.3699999999999,79.7899999999999,81.33999999999992,8773
2026-07-29T16:30:00+00:00,81.33999999999992,81.62999999999991,80.3699999999999,81.32999999999991,7713
2026-07-29T17:00:00+00:00,81.32999999999991,82.56999999999991,81.24999999999991,81.76999999999991,8017
2026-07-29T17:30:00+00:00,81.76999999999991,82.47999999999992,81.65999999999991,82.19999999999992,7096
2026-07-29T18:00:00+00:00,82.19999999999992,83.49999999999991,81.92999999999992,82.26999999999991,14184
2026-07-29T18:30:00+00:00,82.26999999999991,84.74999999999991,81.97999999999992,84.67999999999992,14460
2026-07-29T19:00:00+00:00,84.67999999999992,85.19999999999992,82.19999999999992,82.88999999999992,15208
2026-07-29T19:30:00+00:00,82.88999999999992,83.30999999999992,79.75999999999992,79.82999999999991,16456
2026-07-30T13:30:00+00:00,79.82999999999991,89.36999999999992,79.82999999999991,89.28999999999992,16258
2026-07-30T14:00:00+00:00,89.28999999999992,91.77999999999992,88.23999999999992,91.63999999999992,15016
2026-07-30T14:30:00+00:00,91.63999999999992,92.04999999999991,89.60999999999991,90.02999999999992,13675
2026-07-30T15:00:00+00:00,90.02999999999992,91.49999999999991,89.89999999999992,90.65999999999991,14059
2026-07-30T15:30:00+00:00,90.65999999999991,91.09999999999992,89.44999999999992,90.08999999999992,11893
2026-07-30T16:00:00+00:00,90.08999999999992,91.18999999999991,89.87999999999991,90.42999999999992,8215
2026-07-30T16:30:00+00:00,90.42999999999992,90.64999999999992,89.65999999999991,90.50999999999992,8040
2026-07-30T17:00:00+00:00,90.50999999999992,90.89999999999992,90.21999999999991,90.31999999999992,7139
2026-07-30T17:30:00+00:00,90.31999999999992,90.41999999999992,89.88999999999992,90.13999999999992,6188
2026-07-30T18:00:00+00:00,90.13999999999992,90.31999999999992,89.66999999999992,89.80999999999992,4889
2026-07-30T18:30:00+00:00,89.80999999999992,89.97999999999992,89.08999999999992,89.26999999999991,4673
2026-07-30T19:00:00+00:00,89.26999999999991,90.38999999999992,89.25999999999992,89.58999999999992,5880
2026-07-30T19:30:00+00:00,89.58999999999992,89.83999999999992,88.86999999999992,89.14999999999992,8120
2026-07-31T13:30:00+00:00,89.14999999999992,95.85999999999991,89.14999999999992,91.67999999999992,24024
2026-07-31T14:00:00+00:00,91.67999999999992,91.91999999999992,89.92999999999992,91.22999999999992,24228
2026-07-31T14:30:00+00:00,91.22999999999992,91.71999999999991,90.28999999999992,91.08999999999992,18181
2026-07-31T15:00:00+00:00,91.08999999999992,91.61999999999992,89.31999999999992,89.90999999999991,16765
2026-07-31T15:30:00+00:00,89.90999999999991,90.68999999999991,89.49999999999991,89.88999999999992,15486
2026-07-31T16:00:00+00:00,89.88999999999992,90.43999999999991,89.57999999999991,90.43999999999991,11374
2026-07-31T16:30:00+00:00,90.43999999999991,90.68999999999991,89.67999999999992,90.13999999999992,10107
2026-07-31T17:00:00+00:00,90.13999999999992,90.51999999999991,89.78999999999992,90.34999999999992,7443
2026-07-31T17:30:00+00:00,90.34999999999992,91.31999999999992,90.23999999999992,90.43999999999991,8712
2026-07-31T18:00:00+00:00,90.43999999999991,90.76999999999991,90.04999999999991,90.62999999999991,8048
2026-07-31T18:30:00+00:00,90.62999999999991,90.87999999999991,90.35999999999991,90.56999999999992,5770
2026-07-31T19:00:00+00:00,90.56999999999992,90.79999999999991,90.14999999999992,90.72999999999992,7973
2026-07-31T19:30:00+00:00,90.72999999999992,90.75999999999992,88.12999999999991,88.26999999999991,10697
